ROLES,ASSIGNED STAFF
SALES MANAGER,
SALES USER,
LOGISTICS MANAGER,
LOGISTICS USER,
FINANCE MANAGER,
FINANCE USER,
ADMIN,

SECTION/ROLE,SALES MANAGER,SALES USER,LOGISTICS MANAGER,LOGISTICS USER,FINANCE MANAGER,FINANCE USER,ADMIN
Core Documents,,,,,,,
Customer,,,,,,,
Quotation,,,,,,,
Sales Order,,,,,,,
Invoice,,,,,,,
Payment,,,,,,,
"Credit note, return",,,,,,,
"Inventory (Item, Batch, Serial No, Warehouse, Stock Entry, Pick List)",,,,,,,
Operations,,,,,,,
Delivery Note,,,,,,,
Issue,,,,,,,
Stock Reservation Entry,,,,,,,
"Accounting (GL Entry, Payment Entry, Sales Invoice)",,,,,,,
Sales Taxes and Charges,,,,,,,
"Configuration (Payment Term, Item Tax Template)",,,,,,,
