CUSTOMER,REGION,S/P,C1,PSO,REMARK
A&I M MANUFACTURING (M) SDN BHD,KA,S2,,YES,ELECTROPLATING
ACELOY SDN BHD,CENTRAL (N),S4,1,YES,ELECTROPLATING
ADVANCED TECH SURFACE FINISHING SDN BHD,SOUTH,S3,,YES,ELECTROPLATING
AE ELECTRO ENGINEERING,SOUTH,S3,,YES,ELECTROPLATING
AIK SENG SERVICE & MARKETING,CENTRAL (N),S4,1,YES,ELECTROPLATING
AMLEX TECHNOLOGY SDN BHD,NORTH,S4,1,YES,ELECTROPLATING
APEX GRAND SUCCESS SDN BHD,NORTH,S4,1,YES,ELECTROPLATING
ATC SURFACE FINISHING SDN BHD,NORTH,S4,1,YES,ELECTROPLATING
AUTO GLOBAL PARTS INDUSTRIES SDN BHD,CENTRAL,S1,,YES,ELECTROPLATING
COVENTYA INC,KA,S2,,YES,ELECTROPLATING
CX INDUSTRIES SDN BHD,CENTRAL (S),S3,,YES,ELECTROPLATING
DYNACRAFT INDUSTRIES SDN BHD,KA,S2,,YES,ELECTROPLATING
EXCEL KOGYO SDN BHD (2),NORTH,S4,1,YES,ELECTROPLATING
EXPRESS ELECTRO WORKS,CENTRAL (N),S4,1,YES,ELECTROPLATING
FP REEL PLATING SDN BHD,CENTRAL (S),S3,0,YES,ELECTROPLATING
FRONTIER METAL FINISHING SDN BHD,SOUTH,S3,,YES,ELECTROPLATING
FUJI ROTO GRAVURE SDN BHD,KA,S2,,YES,ELECTROPLATING
FUKAR SDN BHD,CENTRAL (N),S4,1,YES,ELECTROPLATING
FUKU METAL FINISHING SDN BHD,CENTRAL (N),S4,0,YES,ELECTROPLATING
GEM SPEKTRA SDN BHD,NORTH,S4,0,YES,ELECTROPLATING
GREAT PEERS (M) SDN BHD,SOUTH,S3,,YES,ELECTROPLATING
GRILLE TECH SDN BHD,NORTH,S4,1,YES,ELECTROPLATING
GUAN HUAT METAL FINISHING SDN BHD,CENTRAL (N),S4,1,YES,ELECTROPLATING
HAN TE INDUSTRIES (M) SDN BHD,NORTH,S4,1,YES,ELECTROPLATING
HONG BEE ELECTROPLATING,NORTH,S4,0,YES,ELECTROPLATING
J. S. T. CONNECTORS (MALAYSIA) SDN BHD,KA,S2,,YES,ELECTROPLATING
JANOSCHKA MALAYSIA SDN BHD,CENTRAL,S1,,YES,ELECTROPLATING
JJK ELECTRO ENGINEERING WORKS,CENTRAL (N),S4,1,YES,ELECTROPLATING
KEMUNING YEW HUP SDN BHD,CENTRAL (S),S3,0,YES,ELECTROPLATING
KEONG HUAT E/P WORKS (M) SDN BHD,NORTH,S4,1,YES,ELECTROPLATING
KHONG YEAP ENGINEERING,NORTH,S4,1,YES,ELECTROPLATING
KOIKE (M) SDN BHD,KA,S2,,YES,ELECTROPLATING
KST INDUSTRIES SDN BHD,CENTRAL (N),S4,0,YES,ELECTROPLATING
KYB-UMW MALAYSIA SDN BHD,KA,S2,,YES,ELECTROPLATING
LANDCHART SDN BHD,CENTRAL,S1,0,YES,ELECTROPLATING
LEP PRECISION COMPONENTS SDN BHD,CENTRAL (S),S3,0,YES,ELECTROPLATING
MALAYSIAN SH ELECTRONICS SDN BHD,KA,S2,,YES,ELECTROPLATING
MALAYSIAN SH ELECTRONICS SDN BHD,KA,S2,,YES,ELECTROPLATING
MARIJOH TRADING,SOUTH,S3,,YES,ELECTROPLATING
MATSUDA SANGYO (M) SDN BHD,CENTRAL (S),S3,,YES,ELECTROPLATING
METEK KITAMURA (M) SDN BHD,KA,S2,,YES,ELECTROPLATING
MITSUI COPPER FOIL (MALAYSIA) SDN BHD,KA,S2,,YES,ELECTROPLATING
MITSUI HIGH-TEC (MALAYSIA) SDN BHD,KA,S2,,YES,ELECTROPLATING
NETPOINT COATING SDN BHD,NORTH,S4,1,YES,ELECTROPLATING
ORIENT ELECTRIC SPECIAL LEADWIRES (M) SB,KA,S2,,YES,ELECTROPLATING
OSAKA VACUUM CHEMICALS (M) SDN BHD,KA,S2,,YES,ELECTROPLATING
PERUSAHAAN BEST WAY,SOUTH,S3,0,YES,ELECTROPLATING
POSSEHL ELECTRONICS (MALAYSIA) SDN BHD,KA,S2,,YES,ELECTROPLATING
PRECISION ELECTROPLATING SDN BHD,SOUTH,S3,0,YES,ELECTROPLATING
QEMYDASS SDN BHD,CENTRAL (S),S3,,YES,ELECTROPLATING
REFINE ENTERPRISE (M) SDN BHD,CENTRAL,S1,0,YES,ELECTROPLATING
RICWEL METAL SERVICES SDN BHD,NORTH,S4,1,YES,ELECTROPLATING
ROKKO TECHNOLOGY SDN BHD,KA,S2,,YES,ELECTROPLATING
RTR TECHNOLOGY SDN BHD,SOUTH,S3,0,YES,ELECTROPLATING
SEAN INDUSTRIES SDN BHD,CENTRAL (S),S3,,YES,ELECTROPLATING
SENA DIECASTING INDUSTRIES SDN BHD,CENTRAL (S),S3,0,YES,ELECTROPLATING
SHINE CHROME & POLISHING WORKS,CENTRAL (S),S3,0,YES,ELECTROPLATING
SHINKO ELECTRONICS (MALAYSIA) SDN BHD,KA,S2,,YES,ELECTROPLATING
SJ COATING SDN BHD,SOUTH,S3,0,YES,ELECTROPLATING
SL ENGINEERING & IRON WORKS,CENTRAL (N),S4,1,YES,ELECTROPLATING
SOMALINE ENGINEERING & IRON WORKS S/B,CENTRAL (N),S4,1,YES,ELECTROPLATING
TAIPING ELECTRO-PLATING,NORTH,S4,1,YES,ELECTROPLATING
TBG SOLUTION,NORTH,S4,1,YES,ELECTROPLATING
TH ELECTRO PLATING SDN BHD,CENTRAL (N),S4,1,YES,ELECTROPLATING
UEDA PLATING (M) SDN BHD,KA,S2,,YES,ELECTROPLATING
ULTIMATE METAL INDUSTRY SDN BHD,NORTH,S4,1,YES,ELECTROPLATING
UNITED CHEM SDN BHD,CENTRAL (S),S3,,YES,ELECTROPLATING
WAH HUP ELECTROPLATING WORKS,SOUTH,S3,,YES,ELECTROPLATING
YUNCHENG INDUSTRIES (IPOH) SDN BHD,NORTH,S4,1,YES,ELECTROPLATING
YUNCHENG PLATE-MAKING TECHNOLOGY (M) S/B,CENTRAL (N),S4,1,YES,ELECTROPLATING
