Customers Listing - With Address,,,,,,,,,,,,,
Date : 07/01/2026,,,,,,,,,,,,,
HOLSEN INTERCHEM SDN BHD                                                        ,,,,,,,,,,,,,
Cust.No.,Name(1),Name(2),Contact,add1,add2,add3,add4,,Phone,Fax,Area,Agent,Term
3000/A01,ACTION CATCHER SDN BHD,,JANET TAN,"NO.1, ","JALAN TPP 6/11, TAMAN PERIND. PUCHONG, ","SEKSYEN 6, PUCHONG, ",47100 SELANGOR.,"NO.1, JALAN TPP 6/11, TAMAN PERIND. PUCHONG, SEKSYEN 6, PUCHONG, 47100 SELANGOR.",60380614451,03-8061 4436,CENTRAL (S),,60 DAYS
3000/A02,AIK SENG SERVICE & MARKETING,,MR YEOH AH SOON,"LOT 10479, JALAN KEBUN NENAS, ","KAMPUNG JAWA,","41000 KLANG, ",SELANGOR DARUL EHSAN.,"LOT 10479, JALAN KEBUN NENAS, KAMPUNG JAWA,41000 KLANG, SELANGOR DARUL EHSAN.",019-322 2853,03-5162 5393,CENTRAL (N),,60 DAYS
3000/A03,ACN ENGINEERING WORKS,,,"NO. 32, JALAN LORONG 5, ","BATU 4, JALAN KAMPONG JAWA, ","42100 KLANG, ",SELANGOR.,"NO. 32, JALAN LORONG 5, BATU 4, JALAN KAMPONG JAWA, 42100 KLANG, SELANGOR.",,,CENTRAL,,
3000/A04,ASIA-PACIFIC ENGRAVERS (M) SDN BHD,,MS SHAMSINAR,"LOT 121, JALAN PERMATA 2, ","ARAB MALAYSIAN INDUSTRIAL PARK, ","71800 NILAI, ",NEGERI SEMBILAN.,"LOT 121, JALAN PERMATA 2, ARAB MALAYSIAN INDUSTRIAL PARK, 71800 NILAI, NEGERI SEMBILAN.",06-799 7812,06-799 7816,CENTRAL,,30 DAYS
3000/A05,AUTO-REKA (M) SDN BHD,,SANAYA (AC),"LOT 22 & 24, JALAN MODAL 23/2, ","SEKSYEN 23, ","40300 SHAH ALAM, ",SELANGOR DARUL EHSAN.,"LOT 22 & 24, JALAN MODAL 23/2, SEKSYEN 23, 40300 SHAH ALAM, SELANGOR DARUL EHSAN.",03-5541 2971,03-5541 3446,CENTRAL,,60 DAYS
3000/A06,ASIANACO ENTERPRISE SDN BHD,,,,,,,,,,,,
3000/A07,ACELOY SDN BHD,,,"27, JALAN 5, OFF JALAN BUKIT RIMAU, ","KEMUNING ELECTRO PLATING PARK, ","BUKIT KEMUNING, ","42450 SHAH ALAM, SELANGOR.","27, JALAN 5, OFF JALAN BUKIT RIMAU, KEMUNING ELECTRO PLATING PARK, BUKIT KEMUNING, 42450 SHAH ALAM, SELANGOR.",03-5122 9355,,CENTRAL (N),,
3000/A08,AUTO GLOBAL PARTS INDUSTRIES SDN BHD,,NORFADZILLAH,"LOT 5026-5028 & 5045, ","JALAN TERATAI, ","MERU, KLANG, ",41050 SELANGOR.,"LOT 5026-5028 & 5045, JALAN TERATAI, MERU, KLANG, 41050 SELANGOR.",60333778316,03-3377 5004 / 5189 Ivy,CENTRAL,,CASH
3000/A09,AST CHEMICAL SDN BHD,,BEE CHEN,"29, JALAN IKS SIMPANG AMPAT, ","TAMAN IKS SIMPANG AMPAT, ","SIMPANG AMPAT, ",14100 PENANG.,"29, JALAN IKS SIMPANG AMPAT, TAMAN IKS SIMPANG AMPAT, SIMPANG AMPAT, 14100 PENANG.",6045062518,04-5060 727,NORTH,,
3000/A10,ALPHA METAL FURNISHING,,,"NO.8, JALAN PERMATANG 15, ","TAMAN DESA JAYA, ","81100 JOHOR BAHRU, ",JOHOR.,"NO.8, JALAN PERMATANG 15, TAMAN DESA JAYA, 81100 JOHOR BAHRU, JOHOR.",07-357 8275,07-357 8275,SOUTH,,CASH
3000/A11,ARRAY METAL (M) SDN BHD,,,"SUB LOT 5/6539, ","JLN BKT KEMUNING BATU 6, SEKSYEN 34, ","40470 SHAH ALAM, SELANGOR, ",MALAYSIA.,"SUB LOT 5/6539, JLN BKT KEMUNING BATU 6, SEKSYEN 34, 40470 SHAH ALAM, SELANGOR, MALAYSIA.",03-5120 1310,,CENTRAL (S),,
3000/A12,AUTIC MEKKI SDN BHD,,,"PT 6123, JALAN HAJI SALLEH, ","BATU 5 1/2, JALAN MERU, ","41050, ","KLANG, SELANGOR DARUL EHSAN.","PT 6123, JALAN HAJI SALLEH, BATU 5 1/2, JALAN MERU, 41050, KLANG, SELANGOR DARUL EHSAN.",03-3361 5742,,CENTRAL (S),,30 DAYS
3000/A13,ADVANCED TECH SURFACE FINISHING SDN BHD,,VIRGINIA JONG,"LOT 1-63, JALAN TTC 5, ","KAWASAN PERINDUSTRIAN CHENG, ","CHENG, ",75250 MELAKA.,"LOT 1-63, JALAN TTC 5, KAWASAN PERINDUSTRIAN CHENG, CHENG, 75250 MELAKA.",6063355228,06-336 6228,SOUTH,,
3000/A14,ALSA INDUSTRIES SERVICE (M) SDN BHD,,ALBEE LAU,"NO. 1, JALAN IAN 4, ","TAMAN INDUSTRI ANGKASA NURI, ","DURIAN TUNGGAL, ",76100 MELAKA.,"NO. 1, JALAN IAN 4, TAMAN INDUSTRI ANGKASA NURI, DURIAN TUNGGAL, 76100 MELAKA.",016-221 2149,06-335 9077,SOUTH,,60 DAYS
3000/A15,AUTO CAST SDN BHD,,MS. FAN,"LOT 1-56, PT 3420, ","JALAN PERINDUSTRIAN MAHKOTA 11, ","TAMAN PERINDUSTRIAN MAHKOTA, MUKIM BERAN, ",43700 SELANGOR.,"LOT 1-56, PT 3420, JALAN PERINDUSTRIAN MAHKOTA 11, TAMAN PERINDUSTRIAN MAHKOTA, MUKIM BERAN, 43700 SELANGOR.",60387245102,03-8724 5103,KA,,CASH
3000/A16,ASIA PRINTED CIRCUIT SDN BHD,,,"203, JALAN TEMBUSU (INDUSTRIAL ARES), ","TAMAN MELAYU JAYA, ","31900 KAMPAR, ",PERAK D.R. MALAYSIA.,"203, JALAN TEMBUSU (INDUSTRIAL ARES), TAMAN MELAYU JAYA, 31900 KAMPAR, PERAK D.R. MALAYSIA.",05-4665 611/2,05-4666 931,KA,,30 DAYS
3000/A17,AE ELECTRO ENGINEERING,,,"NO 14, JALAN MASYHUR 3, ","TAMAN PERINDUSTRIAN CEMERLANG, ","ULU TIRAM, ",81800 JOHOR.,"NO 14, JALAN MASYHUR 3, TAMAN PERINDUSTRIAN CEMERLANG, ULU TIRAM, 81800 JOHOR.",601116182816,07-5113582,SOUTH,,CASH
3000/A18,AMPHENOL TCS (MALAYSIA) SDN BHD,,,"961 (PLOT 88A), JLN PERINDUSTRIAN, ","BKT MINYAK, KWSN PERINDUSTRIAN, ","BKT MINYAK, SPG AMPAT, ",14100 PULAU PINANG.,"961 (PLOT 88A), JLN PERINDUSTRIAN, BKT MINYAK, KWSN PERINDUSTRIAN, BKT MINYAK, SPG AMPAT, 14100 PULAU PINANG.",6045038200,04-501 3390,KA,,CASH
3000/A19,ALFACAST SDN BHD,,CIK ROS,"LOT PT 19245,LORONG HAJI ABDUL MANAN 2, ","BATU 5, OFF JALAN MERU, ","41050 KLANG, SELANGOR.",,"LOT PT 19245,LORONG HAJI ABDUL MANAN 2, BATU 5, OFF JALAN MERU, 41050 KLANG, SELANGOR.",03-3392 7188,03-3392 7388,KA,,
3000/A20,AMLEX TECHNOLOGY SDN BHD,,EN. ABDUL MALIK,"NO. 13B, LRG PERINDUST. BKT MINYAK 7, ","KAWASAN PERINDUSTRIAN BUKIT MINYAK, ","14100 BUKIT MERTAJAM, ","SEBERANG PERAI TENGAH, PENANG.","NO. 13B, LRG PERINDUST. BKT MINYAK 7, KAWASAN PERINDUSTRIAN BUKIT MINYAK, 14100 BUKIT MERTAJAM, SEBERANG PERAI TENGAH, PENANG.",04-501 3988,04-501 3985,NORTH,,30 DAYS
3000/A21,APEX GRAND SUCCESS SDN BHD,,JIMMY OOI,"29, LORONG INDUSTRI RINGAN 1, ","KAWASAN PERUSAHAAN JURU, ","JURU, BUKIT MERTAJAM, ",14100 PENANG.,"29, LORONG INDUSTRI RINGAN 1, KAWASAN PERUSAHAAN JURU, JURU, BUKIT MERTAJAM, 14100 PENANG.",60124060777,04-504 0265,NORTH,,60 DAYS
3000/A22,ATC SURFACE FINISHING SDN BHD,,,"NO. 1 & 3, LORONG IKS JURU 6, ","TAMAN PERINDUSTRIAN RINGAN JURU, ","14100 SIMPANG AMPAT, ","SEBERANG PERAI TENGAH, P. PINANG.","NO. 1 & 3, LORONG IKS JURU 6, TAMAN PERINDUSTRIAN RINGAN JURU, 14100 SIMPANG AMPAT, SEBERANG PERAI TENGAH, P. PINANG.",012-555 7712,,NORTH,,
3000/A23,ALPHA FORGE SDN BHD,,MS. LOGA SHANTHY,"PLOT 4, JALAN PKNK 3/1, ","KAWASAN PERINDUSTRIAN SUNGAI PETANI, ","SUNGAI PETANI, ",08000 KEDAH.,"PLOT 4, JALAN PKNK 3/1, KAWASAN PERINDUSTRIAN SUNGAI PETANI, SUNGAI PETANI, 08000 KEDAH.",60444429277,04-4429 280/81,NORTH,,
3000/A24,A&I M MANUFACTURING (M) SDN BHD,,MS. OOI,"LOT 1855 & 1856, ","JALAN KOLEJ, ","SERI KEMBANGAN, ",43300 SELANGOR.,"LOT 1855 & 1856, JALAN KOLEJ, SERI KEMBANGAN, 43300 SELANGOR.",60389487888,03-8948 5888,KA,,30 DAYS
3000/A25,ATC CLEANTEC SDN BHD,,MS REVATHI,"LOT 3, JALAN P/2A, ","SEKSYEN 13, BANGI INDUSTRIAL ESTATE, ","BANDAR BARU BANGI, ",43650 SELANGOR.,"LOT 3, JALAN P/2A, SEKSYEN 13, BANGI INDUSTRIAL ESTATE, BANDAR BARU BANGI, 43650 SELANGOR.",60127980823,,,,CBD
3000/A26,ALUPUTER MANUFACTURING (M) SDN BHD,,CHRISTINA SAVAR,"PLO 400 - 403, JLN PERAK ZONE 8, ","KWSN PERINDUSTRIAN PASIR GUDANG, ","PASIR GUDANG, ",81700 JOHOR.,"PLO 400 - 403, JLN PERAK ZONE 8, KWSN PERINDUSTRIAN PASIR GUDANG, PASIR GUDANG, 81700 JOHOR.",6072132377,07-2132368,SOUTH,,CBD
3000/A99,ADAM LOW,,,,,,,,,,,,
3000/B01,BALAKONG YEW HUP SYSTEM ENTERPRISE,,MS CHONG,"NO. 1, JALAN TANMING 10, ","KAW. PERINDUSTRIAN TANMING JAYA, ","43300 BALAKONG, ",SELANGOR.,"NO. 1, JALAN TANMING 10, KAW. PERINDUSTRIAN TANMING JAYA, 43300 BALAKONG, SELANGOR.",03-8962 2011,03-8962 2010,CENTRAL,,60 DAYS
3000/B02,BAT INDUSTRIES SDN BHD,,JANNAH,"PTD 37442, ","JALAN PERINDUSTRIAN 3, ","KWSN PERINDUSTRIAN SENAI 2, SENAI, ",81400 JOHOR.,"PTD 37442, JALAN PERINDUSTRIAN 3, KWSN PERINDUSTRIAN SENAI 2, SENAI, 81400 JOHOR.",6075987598,07-599 7598,SOUTH,,CASH
3000/B03,BELTON SDN BHD,,,"LOT 32, SG SIPUT LIGHT IND ESTATE, ","31100 SUNGAI SIPUT, ","UTARA PERAK, ",PERAK.,"LOT 32, SG SIPUT LIGHT IND ESTATE, 31100 SUNGAI SIPUT, UTARA PERAK, PERAK.",05 5982 611,05-5972 531,NORTH,,60 DAYS
3000/B04,BING HUAN SDN BHD,,,"2ND FLOOR, NO. 21, ","LEBUH GOPENG, ","OFF JALAN GOH HOCK HUAT, ","41400 KLANG, SELANGOR.","2ND FLOOR, NO. 21, LEBUH GOPENG, OFF JALAN GOH HOCK HUAT, 41400 KLANG, SELANGOR.",03-3342 2881,,CENTRAL,,CASH
3000/B05,BHL METAL INDUSTRIES SDN BHD,,MS TAN (AC),"LOT 2840 (PLOT 74), ","TINGKAT PERUSAHAAN SATU, ","PRAI INDUSTRIAL ESTATE, ","13600 PRAI, P. W. PENANG.","LOT 2840 (PLOT 74), TINGKAT PERUSAHAAN SATU, PRAI INDUSTRIAL ESTATE, 13600 PRAI, P. W. PENANG.",04-3908 305,04-3907 780,NORTH,,60 DAYS
3000/B06,BRENNTAG MALAYSIA SDN BHD,,,"LEVEL 3, BLOCK B, PEREMBA SQUARE, ","SAUJANA RESORT, SEKSYEN U2, ","40150 SHAH ALAM, ",SELANGOR.,"LEVEL 3, BLOCK B, PEREMBA SQUARE, SAUJANA RESORT, SEKSYEN U2, 40150 SHAH ALAM, SELANGOR.",03-78459228,,CENTRAL,,60 DAYS
3000/B07,BESIBEST SDN BHD,,,"LOT 22, JALAN MODAL 23/2, ","SEKSYEN 23, ","40300 SHAH ALAM, ",SELANGOR.,"LOT 22, JALAN MODAL 23/2, SEKSYEN 23, 40300 SHAH ALAM, SELANGOR.",03-5541 2971,,CENTRAL (S),,60 DAYS
3000/B99,BRYLCHEM PTE LTD,,,"18 BOON LAY WAY, #09-166, ","TRADEHUB 21, ",SINGAPORE 609966.,,"18 BOON LAY WAY, #09-166, TRADEHUB 21, SINGAPORE 609966.",,,KA,,
3000/C01,CAF ELECTRO PLATING SDN BHD,,MS LIEW,"3 & 5, LALUAN INDUSTRI LAHAT 5, ","KAWASAN PERINDUSTRIAN LAHAT RIMA, ","31500 LAHAT, ",PERAK.,"3 & 5, LALUAN INDUSTRI LAHAT 5, KAWASAN PERINDUSTRIAN LAHAT RIMA, 31500 LAHAT, PERAK.",05-3228 835,05-3222 835,NORTH,,CASH
3000/C02,CHUAH ELECTRO PLATING WORKS,,MRS CHUAH,"23, TINGKAT LIMBUNGAN SATU, ","CHAIN FERRY COMPLEX, ","12100 BUTTERWORTH, ",PROVINCE WELLESLY.,"23, TINGKAT LIMBUNGAN SATU, CHAIN FERRY COMPLEX, 12100 BUTTERWORTH, PROVINCE WELLESLY.",04-3238 801,,NORTH,,60 DAYS
3000/C03,CASH SALES,,,,,,,,,,CENTRAL (S),,CASH
3000/C04,CHONGBROTS METAL FINISHING ENT.,,,"NO. 289, JALAN IDAMAN 1/7, ","TMN IDAMAN INDUSTRIAL PARK, ","SENAI, ",81400 JOHOR.,"NO. 289, JALAN IDAMAN 1/7, TMN IDAMAN INDUSTRIAL PARK, SENAI, 81400 JOHOR.",60127811663,,SOUTH,,
3000/C05,CHEMIQUE CHEMICALS & ENG. S/B,,,"PLOT 361, OFF JALAN GANGSA DUA, ","KAWASAN PERINDUSTRIAN MIEL, ","81700 PASIR GUDANG, ",JOHOR.,"PLOT 361, OFF JALAN GANGSA DUA, KAWASAN PERINDUSTRIAN MIEL, 81700 PASIR GUDANG, JOHOR.",,,SOUTH,,
3000/C06,CHEMALAYA SDN BHD,,,"PLO 128, JALAN RUMBIA 3, ","TANJUNG LANGSAT INDUSTRIAL COMPLEX, ","81700 PASIR GUDANG, ",JOHOR.,"PLO 128, JALAN RUMBIA 3, TANJUNG LANGSAT INDUSTRIAL COMPLEX, 81700 PASIR GUDANG, JOHOR.",07-6522064,,SOUTH,,
3000/C07,CHAMPMAS CHEMICALS SDN BHD,,LOW KEE KAM,"37, JALAN BALAKONG JAYA 4, ","TAMAN INDUSTRI BALAKONG JAYA, ","43300 SERI KEMBANGAN, ",SELANGOR.,"37, JALAN BALAKONG JAYA 4, TAMAN INDUSTRI BALAKONG JAYA, 43300 SERI KEMBANGAN, SELANGOR.",60162101009,,CENTRAL,,60 DAYS
3000/C08,CHEMSIL (M) SDN BHD,,,"NO. 16-1B, JALAN JASMIN 3, ","BANDAR BOTANIC, ","41200 KLANG, SELANGOR. ",,"NO. 16-1B, JALAN JASMIN 3, BANDAR BOTANIC, 41200 KLANG, SELANGOR. ",03-3323 9000,,CENTRAL,,
3000/C09,CHUN FATT METAL INDUSTRY SDN BHD,,MR LOCK,"NO.22, ","JALAN BERKAT 14, ","TAMAN MALIM JAYA, ",75250 MELAKA.,"NO.22, JALAN BERKAT 14, TAMAN MALIM JAYA, 75250 MELAKA.",60196673421,06-337 6852,SOUTH,,CASH
3000/C10,COVENTYA MALAYSIA SDN BHD,,,"9, JALAN PADU, ","TAMPOI INDUSTRIAL ESTATE, ","80350 JOHOR BAHRU, ",JOHOR.,"9, JALAN PADU, TAMPOI INDUSTRIAL ESTATE, 80350 JOHOR BAHRU, JOHOR.",07-239 5757,07-239 5775,KA,,60 DAYS
3000/C11,CX INDUSTRIES SDN BHD,,,"NO. 6, JALAN INJAP 34/4, ","SEKSYEN 34, ","OFF JALAN BUKIT KEMUNING, ","40470 SHAH ALAM, SELANGOR.","NO. 6, JALAN INJAP 34/4, SEKSYEN 34, OFF JALAN BUKIT KEMUNING, 40470 SHAH ALAM, SELANGOR.",03-5166 1662,03-5162 7598,CENTRAL (S),,CASH
3000/C12,COVENTYA INC,,,"4639 VAN EPPS ROAD, ","BROOKLYN HEIGHTS, ","OH 44131, ","USA (JEAN LAPLANTE, CEF).","4639 VAN EPPS ROAD, BROOKLYN HEIGHTS, OH 44131, USA (JEAN LAPLANTE, CEF).",,,,,
3000/C13,CAUSTICHEM SDN BHD,,,"NO. 9, JALAN PELABURAN 15B, ","OFF LORONG SUNGAI PULOH, ","42100 KLANG, ",SELANGOR.,"NO. 9, JALAN PELABURAN 15B, OFF LORONG SUNGAI PULOH, 42100 KLANG, SELANGOR.",,,KA,,CASH
3000/C14,CAP SURFACE TREATMENT,,B. L. LIM,"NO. 92, ","JALAN PERDAGANGAN 1, ","TAMAN UNIVERSITI INDUSTRIAL PARK, ","81300 SKUDAI, JOHOR.","NO. 92, JALAN PERDAGANGAN 1, TAMAN UNIVERSITI INDUSTRIAL PARK, 81300 SKUDAI, JOHOR.",60127758088,,SOUTH,,CBD
3000/C15,CHEM METALLURGICAL SDN BHD,,MS CONNIE,"NO. 7, JALAN PENGGAWA U1/75, ","TAMAN PERINDUSTRIAN BATU TIGA, ","SHAH ALAM, ",40150 SELANGOR.,"NO. 7, JALAN PENGGAWA U1/75, TAMAN PERINDUSTRIAN BATU TIGA, SHAH ALAM, 40150 SELANGOR.",60162287055,,KA,,CASH
3000/C99,CROWN PRESTIGE,,,,,,,,,,,,
3000/D01,DAICHONG ENGRAVING SDN BHD,,VICKY CHO,"NO. 15-17-19, PERSIARAN JELAPANG MAJU 8, ","TMN PERIND. RINGAN JELAPANG MAJU 8, ","IPOH, ",30020 PERAK.,"NO. 15-17-19, PERSIARAN JELAPANG MAJU 8, TMN PERIND. RINGAN JELAPANG MAJU 8, IPOH, 30020 PERAK.",60125966557,05-5271 380,NORTH,,30 DAYS
3000/D02,DELIGEN ENTERPRISE SDN BHD,,MS JANET,"NO. 1, JALAN TPP 6/11, ","TAMAN PERINDUSTRIAN PUCHONG, ","SEKSYEN 6, ",47100 SELANGOR.,"NO. 1, JALAN TPP 6/11, TAMAN PERINDUSTRIAN PUCHONG, SEKSYEN 6, 47100 SELANGOR.",03-8061 4451,03-8061 4436,CENTRAL (S),,60 DAYS
3000/D03,DINDINGS ENGRAVING SDN BHD,,MS WONG,"43, PERSIARAN RISHAH 7, ","SILIBIN INDUSTRIAL ESTATE, ","IPOH, ",30010 PERAK.,"43, PERSIARAN RISHAH 7, SILIBIN INDUSTRIAL ESTATE, IPOH, 30010 PERAK.",6055266505,05-5266 597,NORTH,,CASH
3000/D04,DMM SURFACE TREATMENT SDN BHD,,,"NO. 34, JALAN SC 2, ","TAMAN INDUSTRI SUNGAI CHUA, ","43000 KAJANG, ",SELANGOR.,"NO. 34, JALAN SC 2, TAMAN INDUSTRI SUNGAI CHUA, 43000 KAJANG, SELANGOR.",03-8961 4834,,CENTRAL,,30 DAYS
3000/D05,DAIBOCHI PLASTIC AND PACKAGING INDUSTRY,BHD,,"KOMPLEKS DAIBOCHI PLASTIC, ","LOT 3 & 7, AIR KEROH INDUSTRIAL ESTATE, ","PHASE IV, 75450 MELAKA, ","P.O.BOX 263,75750 MELAKA, MALAYSIA.","KOMPLEKS DAIBOCHI PLASTIC, LOT 3 & 7, AIR KEROH INDUSTRIAL ESTATE, PHASE IV, 75450 MELAKA, P.O.BOX 263,75750 MELAKA, MALAYSIA.",06-231 9779,06-232 8988,KA,,30 DAYS
3000/D06,DWZ INDUSTRIES SDN BHD,,MS TEH A/C,"NO.25 & 27,JALAN MAJU 5, ","TMN PERINDUSTRIAN DESA CEMERLANG, ","81800 ULU TIRAM, ","JOHOR BAHRU, JOHOR.","NO.25 & 27,JALAN MAJU 5, TMN PERINDUSTRIAN DESA CEMERLANG, 81800 ULU TIRAM, JOHOR BAHRU, JOHOR.",07-867 4557,07-867 4562,SOUTH,,60 DAYS
3000/D07,DYNACRAFT INDUSTRIES SDN BHD,,,"255-A, BLOCK D, PHASE 2, ","BAYAN LEPAS INDUSTRIAL ZONE, ","11900 PENANG, MALAYSIA.",,"255-A, BLOCK D, PHASE 2, BAYAN LEPAS INDUSTRIAL ZONE, 11900 PENANG, MALAYSIA.",04-643 9714,04-643 5002,KA,,60 DAYS
3000/D08,DAYA SAINGAN SDN BHD,,MR. STEVEN YAP,"F-6-016, PACIFIC PLACE @ ARA DAMANSARA, ","JALAN PJU 1A/4, ARA DAMANSARA, ","47301 PETALING JAYA, ",SELANGOR.,"F-6-016, PACIFIC PLACE @ ARA DAMANSARA, JALAN PJU 1A/4, ARA DAMANSARA, 47301 PETALING JAYA, SELANGOR.",03-7831 8831,,CENTRAL (S),,30 DAYS
3000/E01,EARNTRADE IND. SDN BHD,,MS YAP,"LOT 50, JALAN U1/25, SEKSYEN U1, ","KAW. PERINDUSTRIAN HICON GLENMARIE, ","40150 SHAH ALAM, ",SELANGOR.,"LOT 50, JALAN U1/25, SEKSYEN U1, KAW. PERINDUSTRIAN HICON GLENMARIE, 40150 SHAH ALAM, SELANGOR.",03-7805 4663,03-7805 1769,CENTRAL,,60 DAYS
3000/E02,EVERNEW ENTERPRISE,,,"NO. 2, JALAN SARJANA 4, ","TAMAN CONNAUGHT, ","56000 CHERAS, ",KUALA LUMPUR.,"NO. 2, JALAN SARJANA 4, TAMAN CONNAUGHT, 56000 CHERAS, KUALA LUMPUR.",03-8961 6835,03-8961 6836,CENTRAL,,30 DAYS
3000/E03,EVERGREEN CHEMICALS SDN BHD,,STELLA,"5 & 7, JALAN ANGGERIK MOKARA 31/64, ","SEKSYEN 31, KOTA KEMUNING, ","40460 SHAH ALAM, ",SELANGOR.,"5 & 7, JALAN ANGGERIK MOKARA 31/64, SEKSYEN 31, KOTA KEMUNING, 40460 SHAH ALAM, SELANGOR.",60126138500,03-5122 6799,CENTRAL,,CASH
3000/E04,EXCELLENT CHROME-TECH SDN BHD,,,"NO. 2, JALAN TPP 5/12, ","TAMAN PERINDUSTRIAN PUCHONG, ","SEKSYEN 5, 47100 PUCHONG, ",SELANGOR.,"NO. 2, JALAN TPP 5/12, TAMAN PERINDUSTRIAN PUCHONG, SEKSYEN 5, 47100 PUCHONG, SELANGOR.",,,CENTRAL,,
3000/E05,EROFOMA (M) SDN BHD,,,"NO. 20, JALAN GANGSA SD5/3H, ","BANDAR SRI DAMANSARA, ",52200 KUALA LUMPUR.,,"NO. 20, JALAN GANGSA SD5/3H, BANDAR SRI DAMANSARA, 52200 KUALA LUMPUR.",03-6272 5172,,CENTRAL,,
3000/E06,ECODRUM SDN BHD,,MS HOE LAI CHOO,"LOT 629 & 630, ","LORONG 3D, ","KG BARU SUBANG, SHAH ALAM, ",40150 SELANGOR.,"LOT 629 & 630, LORONG 3D, KG BARU SUBANG, SHAH ALAM, 40150 SELANGOR.",60378463648,03-7846 5142,CENTRAL,,CASH
3000/E07,ERAE METAL SDN BHD,,SRI HARYATI,"NO. 31, ","JALAN 5 OFF BUKIT RIMAU, ","BUKIT KEMUNING, SHAH ALAM, ",40460 SELANGOR.,"NO. 31, JALAN 5 OFF BUKIT RIMAU, BUKIT KEMUNING, SHAH ALAM, 40460 SELANGOR.",60351219422,03-5122 9433,CENTRAL (S),,30 DAYS
3000/E08,ENAMEL PRODUCTS SDN BHD,,,"NO: 2605 TINGKAT PERUSAHAAN 6, ","PRAI INDUSTRIAL ESTATE, ","PERAI, 13600 PENANG.",,"NO: 2605 TINGKAT PERUSAHAAN 6, PRAI INDUSTRIAL ESTATE, PERAI, 13600 PENANG.",04-399 7700,04-399 7369,NORTH,,CASH
3000/E09,EUREKA INDUSTRIAL & TRADING,,N.REVINDRAN,"43, LEBOH BEDARA, ","TAMAN GEMBIRA, ","41100 KLANG, ",SELANGOR.,"43, LEBOH BEDARA, TAMAN GEMBIRA, 41100 KLANG, SELANGOR.",03-3344 1736,03-3342 6667,CENTRAL,,CASH
3000/E10,EXPRESS ELECTRO WORKS,,ALEX,"25, JALAN 39, ","JALAN DATO MOHAMMAD SIDIN, ","41300 KLANG, ",SELANGOR.,"25, JALAN 39, JALAN DATO MOHAMMAD SIDIN, 41300 KLANG, SELANGOR.",60193375604,03-3343 7187,CENTRAL (N),,60 DAYS
3000/E11,EMPIRE METAL RECYCLING (M) SDN BHD,,,"LOT 3794-10, JALAN BUKIT RIMAU, ","OFF BUKIT KEMUNING, ","42450 SHAH ALAM, ",SELANGOR.,"LOT 3794-10, JALAN BUKIT RIMAU, OFF BUKIT KEMUNING, 42450 SHAH ALAM, SELANGOR.",0126642021,,CENTRAL (N),,CASH
3000/E12,EASTMAN INDUSTRIES SDN BHD,,,"33A, JALAN BRP 6, ","BUKIT RAWANG PUTRA, ",48000 RAWANG.,SELANGOR.,"33A, JALAN BRP 6, BUKIT RAWANG PUTRA, 48000 RAWANG.SELANGOR.",03-5871 1280,,KA,,30 DAYS
3000/E13,EXCEL KOGYO SDN BHD,,,"PLOT 65, ","KWSN PERINDUSTRIAN BAYAN LEPAS, ",11900 PENANG.,,"PLOT 65, KWSN PERINDUSTRIAN BAYAN LEPAS, 11900 PENANG.",6046421712,6046442489,NORTH,,60 DAYS
3000/E14,EVERGROWN TECHNOLOGY SDN BHD,,MS. HENG,"LOT 3508, JALAN CYBER 14, ","KAWASAN PERINDUSTRIAN SENAI IV, ","SENAI, ",81400 JOHOR.,"LOT 3508, JALAN CYBER 14, KAWASAN PERINDUSTRIAN SENAI IV, SENAI, 81400 JOHOR.",6075998433,07-599 2127,KA,,CASH
3000/E15,ENGJAYA INDUSTRIES SDN BHD,,MS. MAGDELYN YE,"NO. 2, LOT 1-82, JALAN TTC 2, ","CHENG INDUSTRIAL ESTATE, ","CHENG, ",75250 MELAKA.,"NO. 2, LOT 1-82, JALAN TTC 2, CHENG INDUSTRIAL ESTATE, CHENG, 75250 MELAKA.",6063355228,06-3366228,SOUTH,,
3000/E16,ECOLEX SDN BHD,,,"LOT 11, SECTION 5, FASA 2B, ","PULAU INDAH INDUSTRIAL PARK, ","JLN SUNGAI PINANG 4/2, PULAU INDAH. ",42920 SELANGOR.,"LOT 11, SECTION 5, FASA 2B, PULAU INDAH INDUSTRIAL PARK, JLN SUNGAI PINANG 4/2, PULAU INDAH. 42920 SELANGOR.",60332583000,03-3258 3160,KA,,30 DAYS
3000/E17,EARTHEN CHEMICALS SDN BHD,,MR GEORGE LIONG,"NO. 11, ","JALAN USAHAWAN 2/1, ","ELMINA BUSINESS PARK , SG BULOH, ",47000 SELANGOR.,"NO. 11, JALAN USAHAWAN 2/1, ELMINA BUSINESS PARK , SG BULOH, 47000 SELANGOR.",60122310263,03-6038 7768,KA,,CASH
3000/F01,FOXE CORPORATION SDN BHD,,MS LEONG,"PLO 583, JALAN MIEL 2, ","KAWASAN MIEL PASIR GUDANG, ","81700 PASIR GUDANG, ",JOHOR.,"PLO 583, JALAN MIEL 2, KAWASAN MIEL PASIR GUDANG, 81700 PASIR GUDANG, JOHOR.",07-2523 764 / 07,07-2527 025,SOUTH,,CASH
3000/F02,FP REEL PLATING SDN BHD,,MS. YAP,"NO. 8, JALAN SELAT SELATAN 14, ","PERSIARAN SELAT SELATAN, ","PANDAMARAN , PORT KLANG, ",42000 SELANGOR.,"NO. 8, JALAN SELAT SELATAN 14, PERSIARAN SELAT SELATAN, PANDAMARAN , PORT KLANG, 42000 SELANGOR.",60331666554,03-3166 7554,CENTRAL (S),,60 DAYS
3000/F03,FUKU METAL FINISHING SDN BHD,,MS JENNIFER,"PT 19189, JLN MERANTI JAYA 13, ","TMN PERINDUSTRIAN MERANTI JAYA, ","PUCHONG, ",47100 SELANGOR.,"PT 19189, JLN MERANTI JAYA 13, TMN PERINDUSTRIAN MERANTI JAYA, PUCHONG, 47100 SELANGOR.",60380611233,03-8062 1633,CENTRAL (N),,60 DAYS
3000/F04,FRONTIER METAL FINISHING SDN.BHD,,MR. PANG,"6, JALAN CANGGIH 3, ","TMN PERINDUSTRIAN DESA CEMERLANG, ","ULU TIRAM, ",81800 JOHOR.,"6, JALAN CANGGIH 3, TMN PERINDUSTRIAN DESA CEMERLANG, ULU TIRAM, 81800 JOHOR.",6078611952,07-863 0648,SOUTH,,30 DAYS
3000/F05,FUJI ROTO GRAVURE SDN BHD,,,"PLO 158, JALAN ANGKASA MAS 6, ","KAWASAN PERINDUSTRIAN TEBRAU II, ","JOHOR BAHRU, ",81100 JOHOR.,"PLO 158, JALAN ANGKASA MAS 6, KAWASAN PERINDUSTRIAN TEBRAU II, JOHOR BAHRU, 81100 JOHOR.",607351911,07-351 6900,KA,,CASH
3000/F06,FUKAR SDN BHD,,MS. FATIN,"LOT 910, JALAN SELLATHEVAN, ","BATU 4, KAMPUNG JAWA, ","SEKSYEN 36, SHAH ALAM, ",40470 SELANGOR.,"LOT 910, JALAN SELLATHEVAN, BATU 4, KAMPUNG JAWA, SEKSYEN 36, SHAH ALAM, 40470 SELANGOR.",60193217197,03-3374 3657,CENTRAL (N),,60 DAYS
3000/F07,FYVINN SDN BHD,,,"NO. 26, JALAN TTC 38, ","TAMAN TEKNOLOGI CHENG, ",75260 MELAKA.,,"NO. 26, JALAN TTC 38, TAMAN TEKNOLOGI CHENG, 75260 MELAKA.",010-213 9612,,SOUTH,,CBD
3000/F08,FKE METALLURGIE SDN BHD,,MS MARIA,"LOT 42197 (UNIT 1), ","JALAN KAMPUNG ORANG ASLI, ","KAMPUNG BARU KUANG, KUANG, ",48050 SELANGOR.,"LOT 42197 (UNIT 1), JALAN KAMPUNG ORANG ASLI, KAMPUNG BARU KUANG, KUANG, 48050 SELANGOR.",60123912836,1700813606,CENTRAL (N),,CBD
3000/F09,FINN CHEMICALS SDN BHD,,,"NO. 7B, PERSIARAN JUBLI PERAK, ","SEKSYEN 22, ","40300 SHAH ALAM, ",SELANGOR.,"NO. 7B, PERSIARAN JUBLI PERAK, SEKSYEN 22, 40300 SHAH ALAM, SELANGOR.",03-5191 8881,03-5192 2227,KA,,
3000/G01,GREAT PEERS (M) SDN BHD,,TAN SI HONG,"NO. 8, JALAN ISTIMEWA 4, ","TMN PERINDUSTRIAN CEMERLANG, ","ULU TIRAM, ",81800 JOHOR.,"NO. 8, JALAN ISTIMEWA 4, TMN PERINDUSTRIAN CEMERLANG, ULU TIRAM, 81800 JOHOR.",6078615987,07-8631 840,SOUTH,,60 DAYS
3000/G02,GUAN SIN FOUNDRY,,MR TAN KONG BENG,"NO. 7044, JALAN BAGAN LALLANG, ","TAMAN INDUSTRIES RINGAN MAK MANDIN, ","13400 BUTTERWORTH, ",PENANG.,"NO. 7044, JALAN BAGAN LALLANG, TAMAN INDUSTRIES RINGAN MAK MANDIN, 13400 BUTTERWORTH, PENANG.",04-3325 084,04-3325 084,NORTH,,60 DAYS
3000/G03,GUAN HUAT METAL FINISHING SDN BHD,,JASON,"NO.17,JALAN 5 OFF JALAN RIMAU, ","BUKIT KEMUNING ELECTROPLATING PARK, ","BUKIT KEMUNING, SHAH ALAM, ",40460 SELANGOR.,"NO.17,JALAN 5 OFF JALAN RIMAU, BUKIT KEMUNING ELECTROPLATING PARK, BUKIT KEMUNING, SHAH ALAM, 40460 SELANGOR.",60173839060,03-5124 6937,CENTRAL (N),,60 DAYS
3000/G04,GLOBECHEM SDN BHD,,,"LOT 26, JLN DELIMA 1/3, ","SUBANG HI-TECH INDUSTRIAL PARK, ","BATU TIGA, 40000 SHAH ALAM, ",SELANGOR.,"LOT 26, JLN DELIMA 1/3, SUBANG HI-TECH INDUSTRIAL PARK, BATU TIGA, 40000 SHAH ALAM, SELANGOR.",,,CENTRAL,,
3000/G05,GE ELECTROPLATING,,,"NO. 10, PERSIARAN KERAPU, ","PERMATANG PAUH, ","13400 BUTTERWORTH, ",PULAU PINANG.,"NO. 10, PERSIARAN KERAPU, PERMATANG PAUH, 13400 BUTTERWORTH, PULAU PINANG.",,04-3321 510,NORTH,,
3000/G06,GEM SPEKTRA SDN BHD,,KANAGI,"LOT 10 & 11, JALAN MAKMUR 3, ","KWSN PERINDUSTRIAN RINGAN BKT MAKMUR, ","SUNGAI PETANI, ",08000 KEDAH.,"LOT 10 & 11, JALAN MAKMUR 3, KWSN PERINDUSTRIAN RINGAN BKT MAKMUR, SUNGAI PETANI, 08000 KEDAH.",60134066310,,NORTH,,CASH
3000/G07,GOLDEN TIMESQUARE SDN BHD,,MS KAREN,"21, JLN TPP 5/17, ","TAMAN INDUSTRI PUCHONG, ",47100 SELANGOR.,,"21, JLN TPP 5/17, TAMAN INDUSTRI PUCHONG, 47100 SELANGOR.",012-662 7559,,CENTRAL,,CASH
3000/G08,GOLD METAL SURFACE FINISHING,,,"NO. 4, JALAN WIRA 6, ","TAMAN TAN SRI YACOB, ","81300 SKUDAI, ",JOHOR.,"NO. 4, JALAN WIRA 6, TAMAN TAN SRI YACOB, 81300 SKUDAI, JOHOR.",07-850 1107,,SOUTH,,
3000/G09,GP BATTERIES (MALAYSIA) SDN BHD,,KELLY NG,"5, JALAN TAMPOI TUJUH, ","KAWASAN PERINDUSTRIAN TAMPOI, PETI SURAT, ","MAJIDEE JOHOR BAHRU, ",81100 JOHOR.,"5, JALAN TAMPOI TUJUH, KAWASAN PERINDUSTRIAN TAMPOI, PETI SURAT, MAJIDEE JOHOR BAHRU, 81100 JOHOR.",6073300181,07-333 8680,KA,,60 DAYS
3000/G10,GOLD LEAF MINING & DEVELOPMENT SDN BHD,,,"17-2A, JALAN UP 1/8, ","UKAY PERDANA, ","68000 AMPANG, ",SELANGOR.,"17-2A, JALAN UP 1/8, UKAY PERDANA, 68000 AMPANG, SELANGOR.",,,,,C.O.D
3000/G11,GENUINE CASTING SDN BHD,,,"LOT 3354 JALAN KERETAPI LAMA, ","BATU 7 KAMPUNG PEREPAT, ","42200 KAPAR, ",SELANGOR.,"LOT 3354 JALAN KERETAPI LAMA, BATU 7 KAMPUNG PEREPAT, 42200 KAPAR, SELANGOR.",03-3291 6099,,CENTRAL (N),,CASH
3000/G12,GRILLE TECH SDN BHD,,MS LIM HY,"E4 & E5, JALAN CENDANA 4/5, ","KAWASAN PERINDUSTRIAN CENDANA, ","SUNGAI PETANI, ",08000 KEDAH.,"E4 & E5, JALAN CENDANA 4/5, KAWASAN PERINDUSTRIAN CENDANA, SUNGAI PETANI, 08000 KEDAH.",6044217020,04 - 431 1142,NORTH,,30 DAYS
3000/G13,G MAX LOGISTICS (M) SDN BHD,,,"NO. 12A, JALAN ASTANA 4B/KU2, ","BANDAR BUKIT RAJA, ","41050 KLANG, ",SELANGOR.,"NO. 12A, JALAN ASTANA 4B/KU2, BANDAR BUKIT RAJA, 41050 KLANG, SELANGOR.",+6016-442 2537,,,,
3000/G99,GALVA DECO PARTS P. L.,,,,,,,,,,,,
3000/H01,H & T INDUSTRIES (J.B.) SDN BHD,,MS JOEY,"NO. 19, JALAN PENAGA, ","KAW. PERINDUSTRIAN KOTA PUTERI, ","81750 MASAI, ",JOHOR.,"NO. 19, JALAN PENAGA, KAW. PERINDUSTRIAN KOTA PUTERI, 81750 MASAI, JOHOR.",07-3875 776,07-3875 786,SOUTH,,30 DAYS
3000/H02,H & T INDUSTRIES (PENANG) SDN. BHD.,,,"PMT 1155 LRG PERINDUSTRIAN BKT MINYAK 20, ","TMN PERINDUSTRIAN BKT MINYAK, ","PENANG SCIENCE PARK, ","14100 SIMPANG AMPAT,PULAU PINANG.","PMT 1155 LRG PERINDUSTRIAN BKT MINYAK 20, TMN PERINDUSTRIAN BKT MINYAK, PENANG SCIENCE PARK, 14100 SIMPANG AMPAT,PULAU PINANG.",019-455 4119,,NORTH,,30 DAYS
3000/H03,H & T INDUSTRIES (K.L) SDN BHD,,MS PHANG,"NO. 6, JALAN ANGGERIK MOKARA 31/56, ","KOTA KEMUNING, SEKSYEN 31, ","40460 SHAH ALAM, ",SELANGOR.,"NO. 6, JALAN ANGGERIK MOKARA 31/56, KOTA KEMUNING, SEKSYEN 31, 40460 SHAH ALAM, SELANGOR.",03-5161 5152/4079/4349,03-5161 3258,CENTRAL (S),,30 DAYS
3000/H04,H & T METAL FINISHING SDN BHD,,MS CHIA (AC),"MTK 204, JALAN TANGKAK, ","8 1/4 MILES, BUKIT KANGKAR, ","84400 SUNGAI MATI, MUAR, ",JOHOR.,"MTK 204, JALAN TANGKAK, 8 1/4 MILES, BUKIT KANGKAR, 84400 SUNGAI MATI, MUAR, JOHOR.",06-9754 212,06-9751 167,SOUTH,,30 DAYS
3000/H05,HEIWA GIKEN (MALAYSIA) SDN BHD,,,"NO. 2, JALAN P/5, ","KAWASAN MIEL, ","43000 BANDAR BARU BANGI, ",SELANGOR.,"NO. 2, JALAN P/5, KAWASAN MIEL, 43000 BANDAR BARU BANGI, SELANGOR.",03-8925 9368,03-8925 9369 / 90746210,CENTRAL,,60 DAYS
3000/H06,HOK SOON FURNITURE INDUSTRIES SDN BHD,,MS YAP WEEPAK,"AA 39, KAMPUNG KAPOR, ","33000 ENGGOR, ",PERAK.,,"AA 39, KAMPUNG KAPOR, 33000 ENGGOR, PERAK.",05-7576 318,05-7576 619,NORTH,,60 DAYS
3000/H07,HONG BEE ELECTROPLATING,,MS KELLY,"NO. 87, JLN INDUSTRI BERINGIN, ","TMN INDUSTRI BERINGIN, JURU, ","SIMPANG AMPAT, ",14000 PULAU PINANG.,"NO. 87, JLN INDUSTRI BERINGIN, TMN INDUSTRI BERINGIN, JURU, SIMPANG AMPAT, 14000 PULAU PINANG.",60127259186,04-5072 140,NORTH,,60 DAYS
3000/H08,HONG HONG ELECTRO-PLATING WORKS,,MS GAN,"NO. 58, 60 & 62, JALAN SURIA 1, ","TAMAN MALIM JAYA, ",75250 MELAKA.,,"NO. 58, 60 & 62, JALAN SURIA 1, TAMAN MALIM JAYA, 75250 MELAKA.",06-3356 168,06-3366 618,SOUTH,,60 DAYS
3000/H09,HONG GUAN METAL SERVICES,,,"92, JALAN PERDAGANGAN 1, ","TAMAN UNIVERSITY INDUSTRIAL PARK, ","81300 SKUDAI, JOHOR.",,"92, JALAN PERDAGANGAN 1, TAMAN UNIVERSITY INDUSTRIAL PARK, 81300 SKUDAI, JOHOR.",07-520 1101,07-520 1105,SOUTH,,CASH
3000/H10,HAN TE INDUSTRIES (M) SDN BHD,,MS HOR,"LOT 258, LRG PERUSAHAAN 10, ","KWSN PERUSAHAAN PERAI, ","SEBERANG PERAI, ",13600 PENANG.,"LOT 258, LRG PERUSAHAAN 10, KWSN PERUSAHAAN PERAI, SEBERANG PERAI, 13600 PENANG.",6043998258,04-399 0110,NORTH,,CASH
3000/H11,HICOM-TECK SEE MANUFACTURING (M) S/B,,NORENLY,"LOT 76 & 75A, ","JALAN SEMENTA 27/91, ","SECTION 27, SHAH ALAM, ",40000 SELANGOR.,"LOT 76 & 75A, JALAN SEMENTA 27/91, SECTION 27, SHAH ALAM, 40000 SELANGOR.",60351916077,603-6191 6091,KA,,60 DAYS
3000/H12,HIROSE ELECTRIC (M) SDN BHD,,FARAHANIM,"LOT 720, JALAN SERENDAH 26/17, ","HICOM INDUSTRIAL ESTATE, ","SECTION 26, SHAH ALAM, ",40000 SELANGOR.,"LOT 720, JALAN SERENDAH 26/17, HICOM INDUSTRIAL ESTATE, SECTION 26, SHAH ALAM, 40000 SELANGOR.",60351912839,03-5191 2849,KA,,
3000/H13,HUNTA FOUNDRY (M) SDN BHD,,WENDY GOH,"LOT 3354, JALAN KERETAPI LAMA, ","BATU 7, KAMPUNG PEREPAT, ","KAPAR, KLANG, ",42200 SELANGOR.,"LOT 3354, JALAN KERETAPI LAMA, BATU 7, KAMPUNG PEREPAT, KAPAR, KLANG, 42200 SELANGOR.",60176792525,03-3290 3859,CENTRAL (N),,CASH
3000/H14,HGMS INDUSTRIES SDN BHD,,MR LIM BEE GUAN,"83, JALAN IDAMAN 1/3, ","TAMAN INDUSTRI SENAI, ","81400 SENAI, ",JOHOR.,"83, JALAN IDAMAN 1/3, TAMAN INDUSTRI SENAI, 81400 SENAI, JOHOR.",07-5852 398,07-520 1105,SOUTH,,
3000/H15,HONG HONG METAL FINISHING SDN BHD,,MS LEE,"NO. 9532-C, JALAN PBR 32, ","KWSN PERINDUSTRIAN BUKIT RAMBAI, ",75250 MELAKA. ,,"NO. 9532-C, JALAN PBR 32, KWSN PERINDUSTRIAN BUKIT RAMBAI, 75250 MELAKA. ",6063374307,06-337 4307,SOUTH,,
3000/H99,HOLSEN CHEMICALS PTE LTD,,MS LEE,"BLOCK 1, #06-23, ","YISHUN STREET 23, ",SINGAPORE 768441.,,"BLOCK 1, #06-23, YISHUN STREET 23, SINGAPORE 768441.",0267586357,02-6753 1883,,,
3000/I01,I. E. P. ELECTROPLATING IND. SDN BHD,,MS LAM,"18 - 20, ","PRSN. PERIND. PENGKALAN 10, ","KWSN PERINDUSTRIAN PENGKALAN, LAHAT,",31500 PERAK.,"18 - 20, PRSN. PERIND. PENGKALAN 10, KWSN PERINDUSTRIAN PENGKALAN, LAHAT,31500 PERAK.",60165426635,05-3219921,NORTH,,60 DAYS
3000/I02,INNOvalues MICROTECH SDN BHD,,MS. AGNES,"PLO 597, 598 & 591, JALAN MIEL 1, ","KAW. MIEL PASIR GUDANG (PHASE IV), ","PASIR GUDANG, ",81700 JOHOR.,"PLO 597, 598 & 591, JALAN MIEL 1, KAW. MIEL PASIR GUDANG (PHASE IV), PASIR GUDANG, 81700 JOHOR.",6072536000,07-2525 233 / 2512 398,SOUTH,,30 DAYS
3000/I03,INSUTEX INDUSTRIES SDN BHD,,,"NO. 42, JALAN TABOH 33/22, ","SHAH ALAM TECHNOLOGY PARK, ","SEKSYEN 33, ","40400 SHAH ALAM, SELANGOR.","NO. 42, JALAN TABOH 33/22, SHAH ALAM TECHNOLOGY PARK, SEKSYEN 33, 40400 SHAH ALAM, SELANGOR.",03-5121 9359,03-5121 9310,CENTRAL,,CASH
3000/I04,IST CHEMICALS SDN BHD,,MS. EUNICE,"NO. 30, 32 & 38, JALAN TABLA 33/21, ","SHAH ALAM TECHNOLOGY PARK, ","SEKSYEN 33, SHAH ALAM, ",40400 SELANGOR.,"NO. 30, 32 & 38, JALAN TABLA 33/21, SHAH ALAM TECHNOLOGY PARK, SEKSYEN 33, SHAH ALAM, 40400 SELANGOR.",60351229261,03-5122 9271,CENTRAL (S),,30 DAYS
3000/I05,IONTRONIC PLT,,,"83, JALAN IDAMAN 1/3, ","TAMAN DESA IDAMAN, ","SENAI, ",81400 JOHOR.,"83, JALAN IDAMAN 1/3, TAMAN DESA IDAMAN, SENAI, 81400 JOHOR.",6011-61360453,,SOUTH,,
3000/I06,INFINEON TECHNOLOGIES (MALAYSIA) SDN BHD,,ACCOUNTS PAYABL,"INFINEON TOWER, ","FREE INDUSTRIAL ZONE, ","BATU BERENDAM, ",75350 MELAKA.,"INFINEON TOWER, FREE INDUSTRIAL ZONE, BATU BERENDAM, 75350 MELAKA.",6062325266,,KA,,60 DAYS
3000/J01,JHI SOON MANUFACTURING IND. SDN BHD,,MS ESTHER AU,"LOT 5046, OFF 5 1/2 MILES, ","JALAN MERU, ","41050 KLANG, ",SELANGOR.,"LOT 5046, OFF 5 1/2 MILES, JALAN MERU, 41050 KLANG, SELANGOR.",03-3377 8228,03-3377 8226,CENTRAL,,CASH
3000/J02,JALINAN JAYA KLASIK SDN BHD,,GOH ENG HOCK,"NO. 18, JALAN 5, JLN BUKIT RIMAU, ","OFF JALAN BUKIT KEMUNING, ","42450 SHAH ALAM, ",SELANGOR.,"NO. 18, JALAN 5, JLN BUKIT RIMAU, OFF JALAN BUKIT KEMUNING, 42450 SHAH ALAM, SELANGOR.",03-5121 4023,03-5121 4020,CENTRAL,,60 DAYS
3000/J03,JUOAN LOUNC INDUSTRIES (M) SDN BHD,,,"2457 LORONG PERUSAHAAN 10, ","PERAI INDUSTRIAL ESTATE, ","13600 PERAI, ",PENANG.,"2457 LORONG PERUSAHAAN 10, PERAI INDUSTRIAL ESTATE, 13600 PERAI, PENANG.",04-390 9515,,NORTH,,30 DAYS
3000/J04,JJK ELECTRO ENGINEERING WORKS,,MR GOH,"NO. 18, JALAN 5, JLN BUKIT RIMAU, ","OFF JALAN BUKIT KEMUNING, ","42450 SHAH ALAM, ",SELANGOR.,"NO. 18, JALAN 5, JLN BUKIT RIMAU, OFF JALAN BUKIT KEMUNING, 42450 SHAH ALAM, SELANGOR.",03-5121 4043,03-5121 4020,CENTRAL (N),,60 DAYS
3000/J05,J. S. T. CONNECTORS (MALAYSIA) SDN BHD,,MS. GEORGI,"JM OFFICE 2ND FLOOR, PLOT D02, ","JLN TANJUNG A/4, ","PELABUHAN TG. PELEPAS FTZ, GELANG PATAH, ",81650 JOHOR.,"JM OFFICE 2ND FLOOR, PLOT D02, JLN TANJUNG A/4, PELABUHAN TG. PELEPAS FTZ, GELANG PATAH, 81650 JOHOR.",6075072644,07-5071 591,KA,,60 DAYS
3000/J06,JANOSCHKA MALAYSIA SDN BHD,,SHAMSINAR,"LOT 121, JALAN PERMATA 2, ","ARAB MALAYSIAN INDUSTRIAL PARK, ","NILAI, ",71800 NEGERI SEMBILAN.,"LOT 121, JALAN PERMATA 2, ARAB MALAYSIAN INDUSTRIAL PARK, NILAI, 71800 NEGERI SEMBILAN.",6067997812,06-799 7816,CENTRAL,,75 DAYS
3000/K01,K. M. POLISHING INDUSTRIES SDN BHD,,MS CHAI,"LOT 2, JALAN INDUSTRI MAS 5, ","TAMAN MAS PUCHONG, ","PUCHONG, ",47100 SELANGOR.,"LOT 2, JALAN INDUSTRI MAS 5, TAMAN MAS PUCHONG, PUCHONG, 47100 SELANGOR.",60162106576,03-8060 7937,CENTRAL (S),,60 DAYS
3000/K02,KEMUNING YEW HUP SDN BHD,,FELIX LAI,"25, JALAN 5 OFF JALAN BUKIT RIMAU, ","BATU 7, BUKIT KEMUNING ELECTROPLATING PA, ","SHAH ALAM, ",42450 SELANGOR.,"25, JALAN 5 OFF JALAN BUKIT RIMAU, BATU 7, BUKIT KEMUNING ELECTROPLATING PA, SHAH ALAM, 42450 SELANGOR.",60133352668,03-8941 8104,CENTRAL (S),,30 DAYS
3000/K03,KIEN HOE MACHINERY & FOUNDRY WORKS,,MR. YEE SIM SIE,"LOT 92, SEKSYEN 92A, ","BATU 3 1/2, ","OFF JALAN SUNGAI BESI, ",57100 KUALA LUMPUR.,"LOT 92, SEKSYEN 92A, BATU 3 1/2, OFF JALAN SUNGAI BESI, 57100 KUALA LUMPUR.",012-369 7570,03-7987 3091,KA,,CASH
3000/K04,KEONG HUAT E/P WORKS (M) SDN BHD,,MS TAN/BAN/GOH,"NO. 22B, JALAN INDUSTRI BERINGIN, ","TAMAN INDUSTRI BERINGIN JURU, ","14000 BUKIT MERTAJAM, ",PULAU PINANG.,"NO. 22B, JALAN INDUSTRI BERINGIN, TAMAN INDUSTRI BERINGIN JURU, 14000 BUKIT MERTAJAM, PULAU PINANG.",04-5088 873,04-5081 368,NORTH,,60 DAYS
3000/K05,KIM HUAT ELECTRO PLATING CO.,,MR LAW KIMWHATT,"NO. 2, JALAN MANGGA, ","81200 TAMPOI, ","JOHOR BAHRU, ",JOHOR.,"NO. 2, JALAN MANGGA, 81200 TAMPOI, JOHOR BAHRU, JOHOR.",07-2363 357,,SOUTH,,60 DAYS
3000/K06,KST INDUSTRIES SDN BHD,,MS KOH HUI KENG,"LOT 455, ","JLN PERUSAHAAN 3, ","BANDAR BARU SUNGAI BULOH, ",47000 SELANGOR.,"LOT 455, JLN PERUSAHAAN 3, BANDAR BARU SUNGAI BULOH, 47000 SELANGOR.",60162213894,03-6156 5455,CENTRAL (N),,CASH
3000/K07,KNL FOUNDRY SDN BHD,,KELLY,"NO.1, ","JALAN JOHAN 2/4, ","PUSING, ",31550 PERAK.,"NO.1, JALAN JOHAN 2/4, PUSING, 31550 PERAK.",60123972856,05-366 9226,KA,,
3000/K08,KHONG YEAP ENGINEERING,,PANG GUAT GOH,"77, ","HALA PERUSAHAAN KLEDANG UTARA 1, ","KWSN PERUSAHAAN MENGLEMBU, IPOH, ",31450 PERAK.,"77, HALA PERUSAHAAN KLEDANG UTARA 1, KWSN PERUSAHAAN MENGLEMBU, IPOH, 31450 PERAK.",60165201858,05-282 9129,NORTH,,CASH
3000/K09,KONG LONG HUAT CHEMICALS SDN. BERHAD,,,"NO. 23, JALAN 3/3C, ","SRI UTARA OFF JALAN IPOH, ","MUKIM BATU, ",68100 KUALA LUMPUR.,"NO. 23, JALAN 3/3C, SRI UTARA OFF JALAN IPOH, MUKIM BATU, 68100 KUALA LUMPUR.",6045828218,,KA,,30 DAYS
3000/K10,KPS PLYWOOD SDN BHD,,,"NO. 3, JLN BK 1/10, ","BANDAR KINRARA INDUSTRIAL CENTRAL, ",47100 PUCHONG.,,"NO. 3, JLN BK 1/10, BANDAR KINRARA INDUSTRIAL CENTRAL, 47100 PUCHONG.",03-8076 6670,03-8076 6705,CENTRAL,,CASH
3000/K11,KH METAL SERVICES,,MR KH TAN / MS,"NO. 26, JALAN PERDAGANGAN 12, ","TAMAN UNIVERSITI INDUSTRIAL PARK, ","81300 SKUDAI, ",JOHOR.,"NO. 26, JALAN PERDAGANGAN 12, TAMAN UNIVERSITI INDUSTRIAL PARK, 81300 SKUDAI, JOHOR.",07-521 1461,07-521 1461,SOUTH,,C.O.D.
3000/K12,KEWCAST INDUSTRIES SDN BHD,,YEAN LAI CHAN,"NO.7 (PT.14509), PRSN. BT GAJAH PERDANA, ","TMN PERINDUSTRIAN BATU GAJAH PERDANA, ","PUSING, ",31550 PERAK.,"NO.7 (PT.14509), PRSN. BT GAJAH PERDANA, TMN PERINDUSTRIAN BATU GAJAH PERDANA, PUSING, 31550 PERAK.",6053669359,05-366 9359,KA,,C.O.D
3000/K13,KSH NIAGA SDN BHD,,,"22A, JALAN RODAT 3/KU5, ","BANDAR BUKIT RAJA, ","41050 KLANG, ",SELANGOR.,"22A, JALAN RODAT 3/KU5, BANDAR BUKIT RAJA, 41050 KLANG, SELANGOR.",016-9966144,,CENTRAL (S),,
3000/K14,KYB-UMW MALAYSIA SDN BHD,,ELLIE MOHAMAD A,"LOT 8, ","JALAN WAJA 16, ","TELOK PANGLIMA GARANG, ",42500  SELANGOR.,"LOT 8, JALAN WAJA 16, TELOK PANGLIMA GARANG, 42500  SELANGOR.",60333220814,03-3122 6677,KA,,60 DAYS
3000/K15,KOA DENKO (MALAYSIA) SDN BHD,,Syahirah Jalil,"LOT 7, 8 & 9, ","BATU BERENDAM FREE TRADE ZONE, ",75350 MELAKA.,,"LOT 7, 8 & 9, BATU BERENDAM FREE TRADE ZONE, 75350 MELAKA.",6062328031,,KA,,30 DAYS
3000/K16,KT PLATING (M) SDN BHD,,MS CHOO YI WEN,"1046 PRAI INDUSTRIAL ESTATE, ","PHASE 4, ","PERAI, ",13600 PENANG.,"1046 PRAI INDUSTRIAL ESTATE, PHASE 4, PERAI, 13600 PENANG.",6045079001,04-5026090,NORTH,,30 DAYS
3000/K17,KL METAL,,,"39 JALAN PUTERI 12/9, ","BANDAR PUTERI, ","47100 PUCHONG, ",SELANGOR.,"39 JALAN PUTERI 12/9, BANDAR PUTERI, 47100 PUCHONG, SELANGOR.",012-209 6722,,CENTRAL (N),,CBD
3000/K18,KOIKE (M) SDN BHD,,,"LOT 2, LINGKARAN SULTAN MOHD 1, ","KWSN PERINDUSTRIAN BDR SULTAN SULEIMAN, ","SELAT KLANG UTARA, ","42000 PELABUHAN KLANG, SELANGOR.","LOT 2, LINGKARAN SULTAN MOHD 1, KWSN PERINDUSTRIAN BDR SULTAN SULEIMAN, SELAT KLANG UTARA, 42000 PELABUHAN KLANG, SELANGOR.",60331236192,,KA,,30 DAYS
3000/K19,KEIJO TRADING,,,"6-3-1, JALAN SETIA PRIMA P U13/P, ","SETIA ALAM, ","401710 SHAH ALAM, ",SELANGOR.,"6-3-1, JALAN SETIA PRIMA P U13/P, SETIA ALAM, 401710 SHAH ALAM, SELANGOR.",6012108550,,CENTRAL (S),,CBD
3000/L01,LANDCHART SDN BHD,,MS TAN YEN MEI,"NO. 1, JALAN SELAT SELATAN 16, ","PERSIARAN SELAT SELATAN, ","PANDAMARAN, PELABUHAN KLANG, ",42000 SELANGOR.,"NO. 1, JALAN SELAT SELATAN 16, PERSIARAN SELAT SELATAN, PANDAMARAN, PELABUHAN KLANG, 42000 SELANGOR.",60165212829,03-3166 2577,CENTRAL,,90 DAYS
3000/L02,LEP PRECISION COMPONENTS SDN BHD,,TAMMY,"NO. 31, JALAN SUNGAI JERLUH 32/196, ","BUKIT KEMUNING, SEKSYEN 32, ","SHAH ALAM, ",40460 SELANGOR.,"NO. 31, JALAN SUNGAI JERLUH 32/196, BUKIT KEMUNING, SEKSYEN 32, SHAH ALAM, 40460 SELANGOR.",6035525486,03-5525 8487,CENTRAL (S),,COD
3000/L03,LSPCM (JOHORE) SDN BHD,,,"NO. 108 & 109, JLN SAWIT BARU 7, ","TMN PERINDUSTRIAN SAWIT BARU, ","81030 KULAI, ",JOHOR.,"NO. 108 & 109, JLN SAWIT BARU 7, TMN PERINDUSTRIAN SAWIT BARU, 81030 KULAI, JOHOR.",07-652 2388,,SOUTH,,60 DAYS
3000/L04,L'TOS MARKETING SDN BHD,,LISA OOI,"NO. 7-2-3, JALAN 3/109F, ","DANAU BUSINESS CENTRE, ","TMN DANAU DESA OFF OLD KLANG ROAD, ",58100 KUALA LUMPUR.,"NO. 7-2-3, JALAN 3/109F, DANAU BUSINESS CENTRE, TMN DANAU DESA OFF OLD KLANG ROAD, 58100 KUALA LUMPUR.",60355258486,03-7981 9597,CENTRAL (S),,COD
3000/L05,LKS METAL WORKS,,MR VINCENT LIM,"LOT 10329, BATU 5, ","JALAN BUKIT KEMUNING, ","40400 SHAH ALAM, ",SELANGOR.,"LOT 10329, BATU 5, JALAN BUKIT KEMUNING, 40400 SHAH ALAM, SELANGOR.",03-8060 2588,03-8060 2588,CENTRAL (S),,C.O.D
3000/L06,LANDCHART MANUFACTURING SDN BHD,,MS TAN YEN MEI,"NO. 5, JALAN SELAT SELATAN 16, ","PERSIARAN SELAT SELATAN, ","PELABUHAN KLANG, ",42000 SELANGOR. ,"NO. 5, JALAN SELAT SELATAN 16, PERSIARAN SELAT SELATAN, PELABUHAN KLANG, 42000 SELANGOR. ",60331662561,03-3166 2577,CENTRAL,,90 DAYS
3000/L07,LINATEX RUBBER PRODUCTS SDN BHD,,,"LOT PT 19245,LORONG HAJI ABDUL MANAN 2, ","BATU 5, OFF JALAN MERU, ","41050 KLANG, ",SELANGOR.,"LOT PT 19245,LORONG HAJI ABDUL MANAN 2, BATU 5, OFF JALAN MERU, 41050 KLANG, SELANGOR.",03-3392 7188,03-3392 7388,KA,,30 DAYS
3000/L08,LESTARI CASTING SDN BHD,,CHONG CHUNG HEE,"PLOT 59, JALAN JOHAN 1/5, ","KAW. PERINDUSTRIAN PENGKALAN 2, ","31550 PUSING, ",PERAK.,"PLOT 59, JALAN JOHAN 1/5, KAW. PERINDUSTRIAN PENGKALAN 2, 31550 PUSING, PERAK.",6053669490,05-365 1173,NORTH,,CASH
3000/L09,LB ALUMINIUM BERHAD,,,"LOT 11, JALAN PERUSAHAAN 1, ","KAWASAN PERUSAHAAN BERANANG, ","43700 BERANANG, ",SELANGOR.,"LOT 11, JALAN PERUSAHAAN 1, KAWASAN PERUSAHAAN BERANANG, 43700 BERANANG, SELANGOR.",03-8725 8822,,KA,,60 DAYS
3000/L10,LIM CHENG HOOI,,LIM CHENG HOOI,"LOT 3719, LORONG KILANG 7, ","KWSN PERUSAHAAN RINGAN TUPAI, ",34000 TAIPING. ,,"LOT 3719, LORONG KILANG 7, KWSN PERUSAHAAN RINGAN TUPAI, 34000 TAIPING. ",60195504234,,,,
3000/M01,MACKESSEN SDN BHD,,CHAN / ANGEL,"NO. 18, JLN ANGGERIK MOKARA 31/44, ","KOTA KEMUNING, SEKSYEN 31, ","40460 SHAH ALAM, ",SELANGOR.,"NO. 18, JLN ANGGERIK MOKARA 31/44, KOTA KEMUNING, SEKSYEN 31, 40460 SHAH ALAM, SELANGOR.",60351218948,03-5121 8941,CENTRAL,,60 DAYS
3000/M02,MARIJOH TRADING,,,"40, JALAN BERJAYA 8, ","PERINDUSTRIAN TAMAN BERJAYA, ","81200 KEMPAS, ",JOHOR BAHRU.,"40, JALAN BERJAYA 8, PERINDUSTRIAN TAMAN BERJAYA, 81200 KEMPAS, JOHOR BAHRU.",019-7707 689,,SOUTH,,30 DAYS
3000/M03,ME TECHNOLOGY SDN BHD,,ERIC LEE,"NO. 9527-B, JALAN PBR 33, ","KAWASAN PERINDUSTRIAN BUKIT RAMBAI, ","BUKIT RAMBAI, ",75260 MELAKA.,"NO. 9527-B, JALAN PBR 33, KAWASAN PERINDUSTRIAN BUKIT RAMBAI, BUKIT RAMBAI, 75260 MELAKA.",60126111163,06-336 2231,SOUTH,,30 DAYS
3000/M04,METAL PROCESSING ENGINEERING SDN BHD,,MS KARRIE,"NO. 18 - 24, JALAN 118, ","KAWASAN 19, BT 2 OFF JLN KAPAR, ","41400 KLANG, ",SELANGOR.,"NO. 18 - 24, JALAN 118, KAWASAN 19, BT 2 OFF JLN KAPAR, 41400 KLANG, SELANGOR.",03-3341 0200,03-3342 0200,CENTRAL,,60 DAYS
3000/M05,METONMAS STUD INDUSTRIES SDN BHD,,MS GAN,"NO. 15, JALAN SRI PLENTONG 3, ","TAMAN PERINDUSTRIAN SRI PLENTONG, ","81750 MASAI, ",JOHOR.,"NO. 15, JALAN SRI PLENTONG 3, TAMAN PERINDUSTRIAN SRI PLENTONG, 81750 MASAI, JOHOR.",07-387 2121,07-387 0333,SOUTH,,CASH
3000/M06,MONG SING ELECTRO PLATING,,MR TAN TI YONG,"A-735, PADANG LALLANG, ","KUANTAN, ",25050 PAHANG.,,"A-735, PADANG LALLANG, KUANTAN, 25050 PAHANG.",6095179653,,CENTRAL,,CASH
3000/M07,MEGABILL COMMERCE SDN BHD,,MR GOH,"NO. 5, JALAN 5, ","BUKIT KEMUNING ELECTROPLATING PARK, ","SEK. 32, OFF JALAN BUKIT RIMAU, ","42450 SHAH ALAM, SELANGOR.","NO. 5, JALAN 5, BUKIT KEMUNING ELECTROPLATING PARK, SEK. 32, OFF JALAN BUKIT RIMAU, 42450 SHAH ALAM, SELANGOR.",03-5122 9812,03-5124 9812,CENTRAL,,60 DAYS
3000/M08,MAXA TECHNOLOGY SDN BHD,,,"NO 27, JALAN 18/62, ","KAW. PERINDUSTRIAN SERI, ","43300 SERI KEMBANGAN, ",SELANGOR.,"NO 27, JALAN 18/62, KAW. PERINDUSTRIAN SERI, 43300 SERI KEMBANGAN, SELANGOR.",03-8068 5611,03-8068 4889,CENTRAL,,60 DAYS
3000/M09,MILLENNIUM FINIFHING,,MR YAW,"NO. 22, JALAN MAJU 2, ","TMN PERINDUSTRIAN CEMERLANG, ","81800 ULU TIRAM, ",JOHOR.,"NO. 22, JALAN MAJU 2, TMN PERINDUSTRIAN CEMERLANG, 81800 ULU TIRAM, JOHOR.",,,SOUTH,,
3000/M10,METAL-LIKE SURFACE TREATMENT SDN BHD,,,"PLO 580, JALAN MIEL 2, ","(OFF JALAN KELULI 9), ","KAWASAN MIEL PASIR GUDANG, ",81700 PASIR GUDANG.,"PLO 580, JALAN MIEL 2, (OFF JALAN KELULI 9), KAWASAN MIEL PASIR GUDANG, 81700 PASIR GUDANG.",07-252 3572,07-252 8202,SOUTH,,30 DAYS
3000/M11,MURATA ELECTRONICS (MALAYSIA) SDN BHD,,TAN CHIN HONG,"PLOT 15, ","BEMBAN INDUSTRIAL PARK, ","JALAN BEMBAN, BATU GAJAH, ",31000 PERAK.,"PLOT 15, BEMBAN INDUSTRIAL PARK, JALAN BEMBAN, BATU GAJAH, 31000 PERAK.",6053629388,,KA,,30 DAYS
3000/M12,MTI TECHNIC INDUSTRIES SDN BHD,,LEE KAI HUAT,"LOT 3 & 10, ","SOLOK SULTAN HISHAMUDDIN 6, KAWASAN 20, ","SELAT KLANG UTARA, PORT KLANG, ",42000 SELANGOR.,"LOT 3 & 10, SOLOK SULTAN HISHAMUDDIN 6, KAWASAN 20, SELAT KLANG UTARA, PORT KLANG, 42000 SELANGOR.",016-661 3380,03-3176 2628,KA,,COD
3000/M13,MMK ENGINEERING SDN BHD,,MS. LOI,"LOT 10, ","KAWASAN PERINDUSTRIAN CHEMBONG, ","REMBAU, ",71300 NEGERI SEMBILAN.,"LOT 10, KAWASAN PERINDUSTRIAN CHEMBONG, REMBAU, 71300 NEGERI SEMBILAN.",6066857622,06-6857611,KA,,CASH
3000/M14,MOLEX (MALAYSIA) SDN BHD,,ASIA-MOLEX-IND,"(LICENCE MANUFACTURING WAREHOUSE), ","2607, JALAN PERUSAHAAN, ","KAWASAN PERINDUSTRIAN PERAI , PERAI, ",13600 PULAU PINANG.,"(LICENCE MANUFACTURING WAREHOUSE), 2607, JALAN PERUSAHAAN, KAWASAN PERINDUSTRIAN PERAI , PERAI, 13600 PULAU PINANG.",861057843553,04-5032481,KA,,90 DAYS
3000/M15,MITSUI HIGH-TEC (MALAYSIA) SDN BHD,,MR. ZHARIF,"LOT 11-A, ","JALAN RAGUM 15/17, ","SHAH ALAM, ",40000 SELANGOR.,"LOT 11-A, JALAN RAGUM 15/17, SHAH ALAM, 40000 SELANGOR.",60351639000,03-51639001,KA,,CASH
3000/M16,MALAYSIAN SH ELECTRONICS SDN BHD,,CHIA SIEW WEN,"LOT 5, 7 & 9, ","JALAN RAGUM 15/17, ","SHAH ALAM, ",40200 SELANGOR.,"LOT 5, 7 & 9, JALAN RAGUM 15/17, SHAH ALAM, 40200 SELANGOR.",60355198140,03-55198110,KA,,30 DAYS
3000/M17,METEK KITAMURA (M) SDN BHD,,EUNICE LIOW,"PT 1461, ","SENAWANG INDUSTRIAL ESTATE, ","SEREMBAN, ",70450 NEGERI SEMBILAN.,"PT 1461, SENAWANG INDUSTRIAL ESTATE, SEREMBAN, 70450 NEGERI SEMBILAN.",6066770710,06-6770713,KA,MS. MARY,30 DAYS
3000/M18,MODELTECH SDN BHD,,,"LOT 148, JALAN PBR 20, ","KAWASAN PERINDUSTRIAN BUKIT RAMBAI, ","(FASA 4A), ",75250 MELAKA.,"LOT 148, JALAN PBR 20, KAWASAN PERINDUSTRIAN BUKIT RAMBAI, (FASA 4A), 75250 MELAKA.",063517200,06-3517202,SOUTH,,
3000/M19,MATSUDA SANGYO (M) SDN BHD,,PN SITI FATIMAH,"LOT 511 (LOT 62773), PLOT B, ","PERSIARAN HULU SELANGOR, ","SELSYEN 26, SHAH ALAM, ",40400 SELANGOR.,"LOT 511 (LOT 62773), PLOT B, PERSIARAN HULU SELANGOR, SELSYEN 26, SHAH ALAM, 40400 SELANGOR.",60351910162,03-51910362,CENTRAL (S),,30 DAYS
3000/M20,MITSUI COPPER FOIL (MALAYSIA) SDN BHD,,TEH CHAI LIAN,"NO. 1C, ","PERSIARAN KUALA LANGAT, ","SEKSYEN 27, SHAH ALAM, ",40400 SELANGOR.,"NO. 1C, PERSIARAN KUALA LANGAT, SEKSYEN 27, SHAH ALAM, 40400 SELANGOR.",60351912870,03-5101 9134,KA,,30 DAYS
3000/M21,MAHA CHEMICALS SDN BHD,,JAC PUNG,"LOT 1823 & 1828F, JALAN KPB-3, ","OFF JLN BALAKONG, BKT BELIMBING, ","43300 SERI KEMBANGAN, ",SELANGOR.,"LOT 1823 & 1828F, JALAN KPB-3, OFF JLN BALAKONG, BKT BELIMBING, 43300 SERI KEMBANGAN, SELANGOR.",012-5922720,03-8961 2988,CENTRAL (N),,C.O.D
3000/M22,METAFOUND SDN BHD,,MS. NERISSA KO,"NO. 43, JALAN DU 4/10, ","TAMAN DAMAI UTAMA, ","47180 PUCHONG, ",SELANGOR.,"NO. 43, JALAN DU 4/10, TAMAN DAMAI UTAMA, 47180 PUCHONG, SELANGOR.",03-8071 7775,03-8071 7775,CENTRAL (N),,CBD
3000/M23,M STUD INDUSTRIES SDN BHD,,CANEY,"NO. 15, JALAN SRI PLENTONG 3, ","TAMAN PERINDUSTRIAN SRI PLENTONG, ","MASAI, ",81750 JOHOR.,"NO. 15, JALAN SRI PLENTONG 3, TAMAN PERINDUSTRIAN SRI PLENTONG, MASAI, 81750 JOHOR.",6075098999,,SOUTH,,CASH
3000/M24,MSSB ENGINEERING SDN BHD,,,"PT9711, JALAN JOHAN 2/6, ","ESTATE PERINDUSTRIAN, ","PENGKALAN 2, ","31550 PUSING, PERAK.","PT9711, JALAN JOHAN 2/6, ESTATE PERINDUSTRIAN, PENGKALAN 2, 31550 PUSING, PERAK.",05-3668028,05-3669030,KA,,CBD
3000/M25,MEK METAL TRADING,,,"NO. 92, JALAN PERDAGANGAN 1, ","TAMAN UNIVERSITI INDUSTRIAL PARK, ","81300 SKUDAI, ",JOHOR.,"NO. 92, JALAN PERDAGANGAN 1, TAMAN UNIVERSITI INDUSTRIAL PARK, 81300 SKUDAI, JOHOR.",,,SOUTH,,CBD
3000/M26,MALAYSIAN SH ELECTRONICS SDN BHD,,CHIA SIEW WEN,"LOT 5, 7 & 9, ","JALAN RAGUM 15/17, ","SHAH ALAM, ",40200 SELANGOR.,"LOT 5, 7 & 9, JALAN RAGUM 15/17, SHAH ALAM, 40200 SELANGOR.",60355198140,03-5519 8110,KA,,30 DAYS
3000/M27,MACDERMID PERFORMANCE SOLUTIONS,,,"26 TUAS WEST ROAD, ",SINGAPORE 638382.,,,"26 TUAS WEST ROAD, SINGAPORE 638382.",+65 6868 4292,,KA,,60 DAYS
3000/N01,NOTION VENTURE SDN BHD,,,"LOT 6123, JALAN HAJI SALLEH, ","BATU 5 1/2 OFF JALAN MERU, ","41050 KLANG, ",SELANGOR.,"LOT 6123, JALAN HAJI SALLEH, BATU 5 1/2 OFF JALAN MERU, 41050 KLANG, SELANGOR.",03-3361 5615,03-3361 5618,CENTRAL,,CASH
3000/N02,NEW SET ELECTROPLATING ENGINEERING WORKS,,,"38, PERSIARAN PERINDUSTRIAN, ","KAW PERINDUSTRIAN PENGKALAN, ","31500 IPOH, ",PERAK.,"38, PERSIARAN PERINDUSTRIAN, KAW PERINDUSTRIAN PENGKALAN, 31500 IPOH, PERAK.",05-322 9815,05-322 9820,NORTH,,CASH
3000/N03,NAKAJIMA DOKO (MALAYSIA) SDN BHD,,,"LOT 17 & 18, SECTION 26/1, ","KAWASAN PERINDUSTRIAN HICOM, ","40000 SHAH ALAM, ",SELANGOR.,"LOT 17 & 18, SECTION 26/1, KAWASAN PERINDUSTRIAN HICOM, 40000 SHAH ALAM, SELANGOR.",03-5191 1488,03-5191 1033,CENTRAL,,30 DAYS
3000/N04,NETPOINT TECH SDN BHD,,MS.SHEELA,"A6/46 & A7/46, LRG PERUSAHAAN 6C, ","KAWASAN PERUSAHAAN KULIM, ","KULIM, ",09000 KEDAH.,"A6/46 & A7/46, LRG PERUSAHAAN 6C, KAWASAN PERUSAHAAN KULIM, KULIM, 09000 KEDAH.",6044924056,,NORTH,,60 DAYS
3000/N05,NR-C PLATING (M) SDN BHD,,,"NO. 2, JLN ANGGERIK MOKARA 31/48, ","KOTA KEMUNING SEKSYEN 31, ","40460 SHAH ALAM, ",SELANGOR.,"NO. 2, JLN ANGGERIK MOKARA 31/48, KOTA KEMUNING SEKSYEN 31, 40460 SHAH ALAM, SELANGOR.",03-5122 8388,,CENTRAL,,
3000/N06,NETPOINT COATING SDN BHD,,MS NALINI,"157B & C, JLN PERINDUSTRIAN BKT MINYAK 7, ","TAMAN PERINDUSTRIAN BKT MINYAK, ","SEBERANG PERAI TENGAH, ",14100 PULAU PINANG.,"157B & C, JLN PERINDUSTRIAN BKT MINYAK 7, TAMAN PERINDUSTRIAN BKT MINYAK, SEBERANG PERAI TENGAH, 14100 PULAU PINANG.",6045017111,04-5017 112,NORTH,,60 DAYS
3000/N07,NPC TECHNOLOGY SDN BHD,,,"157B, JALAN PERINDUSTRIAN BUKIT MINYAK, ","TAMAN PERINDUSTRIAN BUKIT MINYAK, ","14100 SEBERENG PERAI TENGAH, ",PENANG.,"157B, JALAN PERINDUSTRIAN BUKIT MINYAK, TAMAN PERINDUSTRIAN BUKIT MINYAK, 14100 SEBERENG PERAI TENGAH, PENANG.",04-501 7111,04-501 7112,NORTH,,60 DAYS
3000/N08,NANYANG CREATIVE FOODS SDN BHD,,,"1ST FLOOR, ","18, JALAN ANGGERIK MOKARA 31/44, ","KAWASAN INDUSTRI KOTA KEMUNING, ",40460 SHAH ALAM.,"1ST FLOOR, 18, JALAN ANGGERIK MOKARA 31/44, KAWASAN INDUSTRI KOTA KEMUNING, 40460 SHAH ALAM.",03-5121 8948,,KA,,60 DAYS
3000/O01,ORIENT LITE ELECTRO ENGINEERING SDN BHD,,MS CHAN/PAULINE,"NO. 14 & 16, JLN INDUSTRI MAS 9, ","TAMAN MAS SEPANG, ","47100 PUCHONG, ",SELANGOR.,"NO. 14 & 16, JLN INDUSTRI MAS 9, TAMAN MAS SEPANG, 47100 PUCHONG, SELANGOR.",60380614370,03-8061 4330,CENTRAL (S),,60 DAYS
3000/O02,OSAKA VACUUM CHEMICALS (M) SDN BHD,,ALICE TENG,"NO. 1, JLN JURUUKUR U1/19, SEKSYEN U1, ","HICOM GLENMARIE INDUSTRIAL PARK, ","SHAH ALAM, ",40150  SELANGOR.,"NO. 1, JLN JURUUKUR U1/19, SEKSYEN U1, HICOM GLENMARIE INDUSTRIAL PARK, SHAH ALAM, 40150  SELANGOR.",60126117110,,KA,,30 DAYS
3000/O03,ORIENT ELECTRIC SPECIAL LEADWIRES (M) SB,,MS. LEANNE,"LOT PT505, PERSIARAN SABAK BERNAM, ","SECTION 26, HICOM INDUSTRIAL AREA, ","SHAH ALAM, ",40000 SELANGOR.,"LOT PT505, PERSIARAN SABAK BERNAM, SECTION 26, HICOM INDUSTRIAL AREA, SHAH ALAM, 40000 SELANGOR.",0351912276,03-5191 2268,KA,,30 DAYS
3000/P01,PERNIAGAAN HIAP GUAN E/P MATERIALS,,TAN TIONG LEONG,"NO. 50, JALAN GELANG, ","OFF JALAN SUNGAI BESI, ",55200 KUALA LUMPUR.,,"NO. 50, JALAN GELANG, OFF JALAN SUNGAI BESI, 55200 KUALA LUMPUR.",03-9221 2142,03-9221 7962,CENTRAL,,60 DAYS
3000/P02,PERUSAHAAN BEST WAY,,MS. CHIA,"PLO 41, JALAN TEKNOLOGI 6, ","KAW. PERINDUSTRIAN MENGKIBOL, ","KLUANG, ",86000 JOHOR.,"PLO 41, JALAN TEKNOLOGI 6, KAW. PERINDUSTRIAN MENGKIBOL, KLUANG, 86000 JOHOR.",60127909186,07-7769 999,SOUTH,,60 DAYS
3000/P03,PROTEK PLATING SDN BHD,,YAP SHINN WOEI,"NO. 11, JLN 5 OFF JALAN RIMAU, ","BUKIT KEMUNING, ","42450 SHAH ALAM, ",SELANGOR.,"NO. 11, JLN 5 OFF JALAN RIMAU, BUKIT KEMUNING, 42450 SHAH ALAM, SELANGOR.",03-5122 8151,03-5122 9151,CENTRAL,,60 DAYS
3000/P04,PRYM CONSUMER MALAYSIA SDN BHD,,AZLINA RASHID,"TANJUNG KLING FREE TRADE ZONE, ","TANJUNG KLING, ",76409 MELAKA. ,,"TANJUNG KLING FREE TRADE ZONE, TANJUNG KLING, 76409 MELAKA. ",6063501017,06-3518 846,SOUTH,,60 DAYS
3000/P05,PTM PRECISION INDUSTRY,,MS YEOH,"NO. 35, JALAN ISTIMEWA 4, ","TMN PERINDUSTRIAN DESA CEMERLANG, ","81800 ULU TIRAM, ",JOHOR.,"NO. 35, JALAN ISTIMEWA 4, TMN PERINDUSTRIAN DESA CEMERLANG, 81800 ULU TIRAM, JOHOR.",07-8636 568 / 69,07-8636 860,SOUTH,,60 DAYS
3000/P06,PUSH POWER INDUSTRIES (M) SDN BHD,,CHEN YING YING,"LOT 7365, JLN PERUSAHAAN SATU, ","PARIT BUNTAR INDUSTRIAL ESTATE, ","PARIT BUNTAR, ",34200 PERAK.,"LOT 7365, JLN PERUSAHAAN SATU, PARIT BUNTAR INDUSTRIAL ESTATE, PARIT BUNTAR, 34200 PERAK.",6057169203,05-7169 205,CENTRAL,,50 DAYS
3000/P07,PENGANGKUTAN SOON KENG FATT SDN BHD,,,"2, JALAN TPP 1/6, ","TAMAN INDUSTRI PUCHONG, ","47100 PUCHONG, ",SELANGOR.,"2, JALAN TPP 1/6, TAMAN INDUSTRI PUCHONG, 47100 PUCHONG, SELANGOR.",03-8068 3888,,,,
3000/P08,PUBLICHEM SDN BHD,,,"48-1, JLN PUTRA MAHKOTA 7/6B, ","47650 SUBANG JAYA, ","SELANGOR, ",MALAYSIA.,"48-1, JLN PUTRA MAHKOTA 7/6B, 47650 SUBANG JAYA, SELANGOR, MALAYSIA.",03-51912911,,CENTRAL,,
3000/P09,PERNIAGAAN IMPRESIF,,,"NO. 46, JALAN 1/19, ","TMN INDUSTRIAL PUCHONG, ","BATU 12, JALAN PUCHONG, ","47160 PUCHONG, SELANGOR. ","NO. 46, JALAN 1/19, TMN INDUSTRIAL PUCHONG, BATU 12, JALAN PUCHONG, 47160 PUCHONG, SELANGOR. ",03-8061 3029,,CENTRAL,,
3000/P10,POWER & ACE METAL SDN BHD,,,"33, JLN 5, OFF JLN BUKIT RIMAU, ","KEMUNING ELECTRO PLATING PARK, ","42450 SHAH ALAM, SELANGOR, ",MALAYSIA.,"33, JLN 5, OFF JLN BUKIT RIMAU, KEMUNING ELECTRO PLATING PARK, 42450 SHAH ALAM, SELANGOR, MALAYSIA.",03-5122 9355,,CENTRAL,,CASH
3000/P11,POLYCHROME SDN BHD,,,"NO. 13 & 15, JALAN 5, ","OFF JALAN BUKIT RIMAU, ","BUKIT KEMUNING, 40460 SHAH ALAM, ",SELANGOR D. E.,"NO. 13 & 15, JALAN 5, OFF JALAN BUKIT RIMAU, BUKIT KEMUNING, 40460 SHAH ALAM, SELANGOR D. E.",03-5122 8519,,CENTRAL,,CASH
3000/P12,PREMIUM PLATING SDN BHD,,,"NO 22, JALAN 5, JALAN BUKIT RIMAU, ","OFF JALAN BUKIT KEMUNING, ","42450 SHAH ALAM, ",SELANGOR D. E.,"NO 22, JALAN 5, JALAN BUKIT RIMAU, OFF JALAN BUKIT KEMUNING, 42450 SHAH ALAM, SELANGOR D. E.",03-5131 7302,,CENTRAL (S),,60 DAYS
3000/P13,PLATINUM STRIKE SDN BHD,,MS. LIM,"LOT 129886, JALAN GONG EMAS 1/KS 10, ","TELOK GONG, ","PORT KLANG, ",42000 SELANGOR.,"LOT 129886, JALAN GONG EMAS 1/KS 10, TELOK GONG, PORT KLANG, 42000 SELANGOR.",012-5681180,03-5121 1180,CENTRAL (S),,CASH
3000/P14,PRECISION ELECTROPLATING SDN BHD,,NEO BOCK SOO,"NO 5 & 7, JALAN INDUSTRI 12, ","KWSN PERINDUSTRIAN PEKAN NANAS, ","PONTIAN, ",81500 JOHOR.,"NO 5 & 7, JALAN INDUSTRI 12, KWSN PERINDUSTRIAN PEKAN NANAS, PONTIAN, 81500 JOHOR.",6076992064,07-699 2236,SOUTH,,
3000/P15,PHIMA ENTERPRISE SDN BHD,,MR.MOK TZEK HAN,"17, JALAN KASAWARI 7, ","TAMAN ENG ANN, ",41150 KLANG. ,,"17, JALAN KASAWARI 7, TAMAN ENG ANN, 41150 KLANG. ",03-3374 3537,03-3374 3657,CENTRAL (N),,60 DAYS
3000/P16,PEGASUS ELECTRON TECH,,,"NO. 21, JALAN SIERRA 1, ","PUSAT KOMERSIAL SIERRA MAHARANI, ","(PHASE 1), ","84000 MUAR, JOHOR.","NO. 21, JALAN SIERRA 1, PUSAT KOMERSIAL SIERRA MAHARANI, (PHASE 1), 84000 MUAR, JOHOR.",012-7173085,,SOUTH,,CBD
3000/P17,POSSEHL ELECTRONICS (MALAYSIA) SDN BHD,,MS. TAY,"LOT 33, ","PHASE III, ","BATU BERENDAM FTZ, ",75350 MELAKA.,"LOT 33, PHASE III, BATU BERENDAM FTZ, 75350 MELAKA.",6062835979,,KA,,30 DAYS
3000/P18,PHK ENGINEERING WORKS,,,"NO. 1, JALAN KANTAN 9, ","JALAN AMBANG BOTANIC, ","41200 KLANG, SELANGOR.",,"NO. 1, JALAN KANTAN 9, JALAN AMBANG BOTANIC, 41200 KLANG, SELANGOR.",03-5161 1253,03-5162 5306,CENTRAL (N),,60 DAYS
3000/P19,PEKAN PINA SDN BHD,,,"NO. 13, PUSAT KOMERSIL PEKAN, ","JALAN SULTAN ABU BAKAR, ","26600 PEKAN, ",PAHANG.,"NO. 13, PUSAT KOMERSIL PEKAN, JALAN SULTAN ABU BAKAR, 26600 PEKAN, PAHANG.",012-9891889,,,,
3000/P20,PRINETECH (M) SDN BHD,,,"NO. 22-1B, JALAN TIAJ 2/2, ","TAMAN INDUSTRI ALAM JAYA, ","42300 BANDAR PUNCAK ALAM, ",SELANGOR.,"NO. 22-1B, JALAN TIAJ 2/2, TAMAN INDUSTRI ALAM JAYA, 42300 BANDAR PUNCAK ALAM, SELANGOR.",03-6038 4585,,CENTRAL (S),,CASH
3000/P21,PAN MALAYSIA ELECTRO PLATING SDN BHD,,MS. LAW,"LOT PT 2188, JALAN INDUSTRI, ","KAMPUNG BARU SUNGAI BULOH, ","SUNGAI BULOH, ",47000 SELANGOR.,"LOT PT 2188, JALAN INDUSTRI, KAMPUNG BARU SUNGAI BULOH, SUNGAI BULOH, 47000 SELANGOR.",60361568277,03-6157 1316,CENTRAL (S),,CASH
3000/P97,PHONLAWAT INTERCHEM LTD.,,,"2188 MOO 4 SOI SRIBOONROUNG 1, ","THEPHARAK ROAD, THEPHARAK, ","MOUNG, SAMUTPRAKARN, ",10270 BANGKOK THAILAND.,"2188 MOO 4 SOI SRIBOONROUNG 1, THEPHARAK ROAD, THEPHARAK, MOUNG, SAMUTPRAKARN, 10270 BANGKOK THAILAND.",662-394 7030-40,662-394 7041,,,T/T
3000/P98,PHU AN CHEMICALS,,,,,,,,,,,,
3000/P99,PHONLAWAT INTERCHEM LTD.,,PICHET,"2188 MOO 4 SOI SRIBOONROUNG 1, ","THEPHARAK ROAD, THEPHARAK, ","MOUNG, SAMUTPRAKARN 10270, ","BANGKOK, THAILAND. ","2188 MOO 4 SOI SRIBOONROUNG 1, THEPHARAK ROAD, THEPHARAK, MOUNG, SAMUTPRAKARN 10270, BANGKOK, THAILAND. ",6623947030,6623947041,,,T/T
3000/Q01,QEMYDASS SDN BHD,,USSHADEVI,"NO. 30 & 32, JALAN UTAMA 1/15, ","TAMAN PERINDUSTRIAN PUCHONG UTAMA, ","SEKSYEN 1 , PUCHONG, ",47000 SELANGOR.,"NO. 30 & 32, JALAN UTAMA 1/15, TAMAN PERINDUSTRIAN PUCHONG UTAMA, SEKSYEN 1 , PUCHONG, 47000 SELANGOR.",60147513167,03 - 8051 4296,CENTRAL (S),,60 DAYS
3000/Q02,QUAK FOUNDRY,,,"NO:238, KAMPUNG BATU BELAH, ","42100 KLANG, ",SELANGOR.,,"NO:238, KAMPUNG BATU BELAH, 42100 KLANG, SELANGOR.",03-3344 0851,03-3344 0851,CENTRAL (N),,7 DAYS
3000/R01,REFINE ENTERPRISE (M) SDN BHD,,SIA CHOOI LAN,"452-C, ","BATU 15, JALAN KLANG BANTING, ","JENJAROM, KUALA LANGAT, ",42600 SELANGOR.,"452-C, BATU 15, JALAN KLANG BANTING, JENJAROM, KUALA LANGAT, 42600 SELANGOR.",60331915855,03-3191 5857,CENTRAL,,60 DAYS
3000/R02,ROKONMA (M) SDN BHD,,MS CHEONG,"NO. 2-S, JALAN BUKIT BADAK, ","SUBANG NEW VILLAGE, ","40150 SHAH ALAM, ",SELANGOR.,"NO. 2-S, JALAN BUKIT BADAK, SUBANG NEW VILLAGE, 40150 SHAH ALAM, SELANGOR.",03-7846 2554/ 2824/ 3355,03-7846 2211/ 78475663,CENTRAL (S),,CASH
3000/R03,ROLLER CHROME SDN BHD,,,"72, JALAN TSB 9, ","TMN INDUSTRI SUNGAI BULOH, ","JLN SUBANG, ",47000 SELANGOR.,"72, JALAN TSB 9, TMN INDUSTRI SUNGAI BULOH, JLN SUBANG, 47000 SELANGOR.",03-657 8100,03-657 8200,CENTRAL,,CASH
3000/R04,RICA MARKETING SDN BHD,,CATHERINE LOH,"LOT 2134, JALAN BA/3, ","KWSN PERUSAHAAN BUKIT ANGKAT, ","KAJANG, ",43000 SELANGOR.,"LOT 2134, JALAN BA/3, KWSN PERUSAHAAN BUKIT ANGKAT, KAJANG, 43000 SELANGOR.",60123893271,03-8741 4953,KA,,
3000/R05,RICWEL METAL SERVICES SDN BHD,,,"NO.3,5&7,LORONG SERULING 3, ","KAWASAN PERINDUSTRIAN VALDOR, ","14200 SUNGAI BAKAP, ",S.P.S PULAU PINANG.,"NO.3,5&7,LORONG SERULING 3, KAWASAN PERINDUSTRIAN VALDOR, 14200 SUNGAI BAKAP, S.P.S PULAU PINANG.",04-582 7448,04-582 7449,NORTH,,90 DAYS
3000/R06,RED SPRINGS SDN BHD,,MS. Ee,"NO.2A, LEBUH PERUSAHAAN KLEBANG 6, ","KAWASAN PERUSAHAAN IGB, ","30010 IPOH, PERAK.",,"NO.2A, LEBUH PERUSAHAAN KLEBANG 6, KAWASAN PERUSAHAAN IGB, 30010 IPOH, PERAK.",012-569 5551,05-598 8695,NORTH,,CASH
3000/R07,RTR TECHNOLOGY SDN BHD,,MS. CHONG,"25, JALAN CEMERLANG, ","TAMAN PERIDUSTRIAN CEMERLANG, ","ULU TIRAM, ",81800 JOHOR.,"25, JALAN CEMERLANG, TAMAN PERIDUSTRIAN CEMERLANG, ULU TIRAM, 81800 JOHOR.",6078616703,07-861 4096,SOUTH,,CASH
3000/R08,RITE KEM JOHOR SDN BHD,,,"NO. 2,4,6, JALAN TIRAM 14, ","TAMAN PERINDUSTRIAN TIRAM, ","81800 ULU TIRAM, ","JOHOR DARUL TAKZIM, MALAYSIA.","NO. 2,4,6, JALAN TIRAM 14, TAMAN PERINDUSTRIAN TIRAM, 81800 ULU TIRAM, JOHOR DARUL TAKZIM, MALAYSIA.",07-861 6071,07-861 3950,SOUTH,,CASH
3000/R09,RELIANCE FOUNDRY (M) SDN BHD,,ONG,"LOT 273, ","JALAN PERUSAHAAN 1, ","BATU 20, RAWANG, ",48000 SELANGOR.,"LOT 273, JALAN PERUSAHAAN 1, BATU 20, RAWANG, 48000 SELANGOR.",60360916901,03-6093 7813,KA,,CASH
3000/R10,REN STEEL SDN BHD,,,"NO 59, JALAN JOHAN 1/4, ","KAWASAN PERINDUSTRIAN PENGKALAN 2, ","31550 PUSING, ",PERAK.,"NO 59, JALAN JOHAN 1/4, KAWASAN PERINDUSTRIAN PENGKALAN 2, 31550 PUSING, PERAK.",05-3668633,05-3669067,NORTH,,CASH
3000/R11,RK MENAKA ENTERPRISE,,,"NO. 41, LORONG BANGAU, ","BERKELEY GARDEN, ","41150 KLANG, ",SELANGOR.,"NO. 41, LORONG BANGAU, BERKELEY GARDEN, 41150 KLANG, SELANGOR.",03-3343 2612,,CENTRAL,,CASH
3000/R12,ROKKO TECHNOLOGY SDN BHD,,MS. MOLLY,"NO. 8, LOT 205, JALAN MEGA 1/10, ","PERINDUSTRIAN NUSA CEMERLANG, ","BANDAR NUSAJAYA, GELANG PATAH, ",81550 JOHOR.,"NO. 8, LOT 205, JALAN MEGA 1/10, PERINDUSTRIAN NUSA CEMERLANG, BANDAR NUSAJAYA, GELANG PATAH, 81550 JOHOR.",6075539677,,KA,,CASH
3000/R13,RTR VENTURE SDN BHD,,NURFARAHIN,"NO. 15 & 17, JALAN ISTIMEWA 4, ","TAMAN PERINDUSTRIA CEMERLANG, ","ULU TIRAM, ",81800 JOHOR.,"NO. 15 & 17, JALAN ISTIMEWA 4, TAMAN PERINDUSTRIA CEMERLANG, ULU TIRAM, 81800 JOHOR.",60102927340,,SOUTH,,30 DAYS
3000/S01,SJ COATING SDN BHD,,TEONG WAN THYE,"NO.15 & 17, JALAN CENDERAI 7, ","TAMAN PERINDUSTRIAN KOTA PUTERI, ","MASAI, ",81750 JOHOR.,"NO.15 & 17, JALAN CENDERAI 7, TAMAN PERINDUSTRIAN KOTA PUTERI, MASAI, 81750 JOHOR.",60127128756,07-3877 468,SOUTH,,CASH
3000/S02,S. Q. TREATMENT SERVICES SDN BHD,,SUMATHI,"LOT 15779, ","JLN DATO M. SELLATHAVAN, ","SEKSYEN 36, SHAH ALAM, ",40470 SELANGOR.,"LOT 15779, JLN DATO M. SELLATHAVAN, SEKSYEN 36, SHAH ALAM, 40470 SELANGOR.",012-3700871,03-5162 1224 / 5306,CENTRAL (N),,30 DAYS
3000/S03,SAN MIGUEL YAMAMURA PACKAGING & PRINTING,,VINO,"LOT 5078 & 5079, ","JALAN JENJARUM 28/39, ","SEKSYEN 28, SHAH ALAM, ",40000 SELANGOR.,"LOT 5078 & 5079, JALAN JENJARUM 28/39, SEKSYEN 28, SHAH ALAM, 40000 SELANGOR.",60351916588,03-5191 6614,CENTRAL,,60 DAYS
3000/S04,SELANGOR ELECTRO-PLATING WORKS SDN BHD,,MR TAN KUAN YEW,"72, JALAN TSB 9, ","TMN IND. SG BULOH, JLN SUBANG, ","47000 SUNGAI BULOH, ",SELANGOR.,"72, JALAN TSB 9, TMN IND. SG BULOH, JLN SUBANG, 47000 SUNGAI BULOH, SELANGOR.",03-6157 8100/ 8300/ 9100,03-6157 8200,CENTRAL,,30 DAYS
3000/S05,SERDANG YEW HUP ENTERPRISE,,,"PLOT 2112, BLOCK D, JLN BS 7/3, ","KAW PERINDUSTRIAN BKT SERDANG,","43300 SRI KEMBANGAN, ",SELANGOR.,"PLOT 2112, BLOCK D, JLN BS 7/3, KAW PERINDUSTRIAN BKT SERDANG,43300 SRI KEMBANGAN, SELANGOR.",03-8941 8105,03-8941 8104,CENTRAL,,60 DAYS
3000/S06,SHINE CHROME & POLISHING WORKS,,MS. CHEAH,"NO.23, ","JALAN 5 OFF BUKIT RIMAU, ","BUKIT KEMUNING, SHAH ALAM, ",42450 SELANGOR.,"NO.23, JALAN 5 OFF BUKIT RIMAU, BUKIT KEMUNING, SHAH ALAM, 42450 SELANGOR.",60377829815,,CENTRAL (S),,60 DAYS
3000/S07,SHUI WOO ELECTROPLATING IND (M) SDN BHD,,MS BETTY (AC),"NO. 43, JALAN SERULING 58, ","TAMAN KLANG JAYA, ","KLANG, ",41200 SELANGOR.,"NO. 43, JALAN SERULING 58, TAMAN KLANG JAYA, KLANG, 41200 SELANGOR.",60333235967,03-3323 5953,CENTRAL (S),,CASH
3000/S08,SIMCO ENGRAVING SDN BHD,,MS YAP (AC)/LAU,"NO. 70, JALAN TSB 9, ","TAMAN INDUSTRI SUNGAI BULOH, ","47000 SUNGAI BULOH, ",SELANGOR.,"NO. 70, JALAN TSB 9, TAMAN INDUSTRI SUNGAI BULOH, 47000 SUNGAI BULOH, SELANGOR.",03-6156 3368 / 3369,03-6156 3369,CENTRAL (N),,CASH
3000/S09,SIN HORNG SHEN ELECTRO-PLATING WORKS,,WONG TAK WING,"NO. 34-A, JALAN MEWAH 3/3, ","PANDAN MEWAH, ","68000 AMPANG, ",SELANGOR.,"NO. 34-A, JALAN MEWAH 3/3, PANDAN MEWAH, 68000 AMPANG, SELANGOR.",03-4280 0506,,CENTRAL,,60 DAYS
3000/S10,,,,"LOT 297, KG. KEMPAS BARU CHINA, ","JALAN BANJARAN 2, ","81200 TAMPOI, ",JOHOR.,"LOT 297, KG. KEMPAS BARU CHINA, JALAN BANJARAN 2, 81200 TAMPOI, JOHOR.",07-2364 094,07-2383 408,SOUTH,,30 DAYS
3000/S11,SL ELECTRO PLATING SDN BHD,,MS YEE (AC),"NO. 46, JALAN TPP 1/19, ","TAMAN INDUSTRI PUCHONG, ","BATU 12, JLN PUCHONG, ","47100 PUCHONG, SELANGOR.","NO. 46, JALAN TPP 1/19, TAMAN INDUSTRI PUCHONG, BATU 12, JLN PUCHONG, 47100 PUCHONG, SELANGOR.",03-8061 3029/ 3089/ 3109,03-8061 3259,CENTRAL (S),,CASH
3000/S12,SL ENGINEERING & IRON WORKS,,MR TAN YEE LIM,"LOT AL 2201, ","KAMPUNG BARU, ","47000 SUNGAI BULOH, ",SELANGOR.,"LOT AL 2201, KAMPUNG BARU, 47000 SUNGAI BULOH, SELANGOR.",03-6140 9778,03-6150 1778,CENTRAL (N),,60 DAYS
3000/S13,SOUTH JOHORE ELECTROPLATING WORKSHOP,,,"NO. 69, JALAN EMAS PUTIH 1, ","TAMAN SRI SKUDAI, ","SKUDAI, JOHOR BAHRU, ",81300 JOHOR.,"NO. 69, JALAN EMAS PUTIH 1, TAMAN SRI SKUDAI, SKUDAI, JOHOR BAHRU, 81300 JOHOR.",+6075567750,,SOUTH,,60 DAYS
3000/S14,SUNMAH METAL INDUSTRY SDN BHD,,MS CHEW (AC),"18, JALAN UTAMA 2/28, ","TMN PERINDUSTRIAN PUCHONG UTAMA, ","(SEKSYEN 2), BATU 14, JLN PUCHONG, ","47100 PUCHONG, SELANGOR.","18, JALAN UTAMA 2/28, TMN PERINDUSTRIAN PUCHONG UTAMA, (SEKSYEN 2), BATU 14, JLN PUCHONG, 47100 PUCHONG, SELANGOR.",03-8062 3979 / 8061 0541,03-8062 1205,CENTRAL,,60 DAYS
3000/S15,SUMIMACHINERY (MALAYSIA) SDN BHD,,,"99, JALAN SAWIT BARU 7, ","TAMAN PERINDUSTRIAN SAWIT BARU, ","81030 KULAI, ",JOHOR.,"99, JALAN SAWIT BARU 7, TAMAN PERINDUSTRIAN SAWIT BARU, 81030 KULAI, JOHOR.",,,SOUTH,,30 DAYS
3000/S16,SENA DIECASTING INDUSTRIES SDN BHD,,MS. NABILAH,"72, JALAN TSB 9, ","TMN INDUSTRI SUNGAI BULOH, ","JALAN SUBANG, SUNGAI BULOH, ",47000 SELANGOR.,"72, JALAN TSB 9, TMN INDUSTRI SUNGAI BULOH, JALAN SUBANG, SUNGAI BULOH, 47000 SELANGOR.",6067971410,03-6157 8200,CENTRAL (S),,30 DAYS
3000/S17,SCHLOETTER ASIA PTE LTD,,,"NO. 39, KIAN TECK DRIVE, ",SINGAPORE 628554.,,,"NO. 39, KIAN TECK DRIVE, SINGAPORE 628554.",,,CENTRAL,,
3000/S18,SEAN INDUSTRIES SDN BHD,,MR GAN,"NO. 26, JALAN TPP 1/16, ","TMN PERINDUSTRIAN PUCHONG,  ","PUCHONG, ",47100 SELANGOR.,"NO. 26, JALAN TPP 1/16, TMN PERINDUSTRIAN PUCHONG,  PUCHONG, 47100 SELANGOR.",60122095899,03-8061 3259,CENTRAL (S),,CASH
3000/S19,SEM MATIC SDN BHD,,,"NO. 11, JALAN CANGGIH, ","TMN PERINDUSTRIAN DESA CEMERLANG, ","81800 ULU TIRAM, ",JOHOR.,"NO. 11, JALAN CANGGIH, TMN PERINDUSTRIAN DESA CEMERLANG, 81800 ULU TIRAM, JOHOR.",07-861 2949,,SOUTH,,
3000/S20,SCENIC ELECTRO TRADING SDN. BHD.,,MS KO,"NO. 14 & 16, JALAN INDUSTRI MAS 9, ","TAMAN MAS SEPANG, ","PUCHONG, ",47100 SELANGOR.,"NO. 14 & 16, JALAN INDUSTRI MAS 9, TAMAN MAS SEPANG, PUCHONG, 47100 SELANGOR.",60127661008,03-8061 4330,CENTRAL (S),,60 DAYS
3000/S21,S. J. COATING (MUAR) SDN BHD,,,"K40, JLN KAWASAN PERINDUSTRIAN 10, ","KAWASAN PERINDUSTRIAN TANJUNG AGAS, ","84000 MUAR, ",JOHOR.,"K40, JLN KAWASAN PERINDUSTRIAN 10, KAWASAN PERINDUSTRIAN TANJUNG AGAS, 84000 MUAR, JOHOR.",,,SOUTH,,
3000/S22,SYNTURN (M) SDN BHD,,MS SUESHAN,"6 & 8, JALAN ISTIMEWA 7, ","TMN PERINDUSTRIAN CEMERLANG, ","81800 ULU TIRAM, ",JOHOR.,"6 & 8, JALAN ISTIMEWA 7, TMN PERINDUSTRIAN CEMERLANG, 81800 ULU TIRAM, JOHOR.",6078632633,,SOUTH,,60 DAYS
3000/S23,SEAN CHEAN TRADING,,,"NO.26,JALAN TPP 1/16, ","TAMAN PERINDUSTRIAN PUCHONG, ","47100 PUCHONG, ",SELANGOR DAHRUL EHSAN.,"NO.26,JALAN TPP 1/16, TAMAN PERINDUSTRIAN PUCHONG, 47100 PUCHONG, SELANGOR DAHRUL EHSAN.",03-8061 3029,03-8061 3259,CENTRAL (S),,CASH
3000/S24,SOMALINE ENGINEERING & IRON WORKS S/B,,,"LOT AL 2201, ","KAMPUNG BARU, ","47000 SUNGAI BULOH, ",SELANGOR.,"LOT AL 2201, KAMPUNG BARU, 47000 SUNGAI BULOH, SELANGOR.",,03-6141 0121,CENTRAL (N),,60 DAYS
3000/S25,STC MARKETING SDN BHD,,,"NO. 36 & 38, JALAN KAPAR 27/89, ","SEKSYEN 27, SHAH ALAM, ",40400 SELANGOR.,,"NO. 36 & 38, JALAN KAPAR 27/89, SEKSYEN 27, SHAH ALAM, 40400 SELANGOR.",60351914418,03-5191 4413,CENTRAL (S),,30 DAYS
3000/S26,ST COGENT SDN BHD,,,"NO. 136A, JALAN DEDAP 13, ","TAMAN JOHOR JAYA, ",81100 JOHOR BAHRU.,,"NO. 136A, JALAN DEDAP 13, TAMAN JOHOR JAYA, 81100 JOHOR BAHRU.",012-274 7778,,SOUTH,,C.O.D
3000/S27,SWIFT WORLD-WIDE MARKETING SDN BHD,,YEONG,"NO.1, PERSIARAN BG PERDANA 9, ","PUSAT KOMERSIAL BG PERDANA, ","31000 BATU GAJAH, ",PERAK.,"NO.1, PERSIARAN BG PERDANA 9, PUSAT KOMERSIAL BG PERDANA, 31000 BATU GAJAH, PERAK.",60125178955,,NORTH,,
3000/S28,SHINKO ELECTRONICS (MALAYSIA) SDN BHD,,MS ABIYAH,"LOT 717A, JALAN SERENDAH 26/17, ","SEKSYEN 26, ","40400 SHAH ALAM, ",SELANGOR.,"LOT 717A, JALAN SERENDAH 26/17, SEKSYEN 26, 40400 SHAH ALAM, SELANGOR.",60351914902,,KA,,60 DAYS
3000/S29,SELANGOR COAST CLUB KLANG,,MS. CHEW,"LOT 3971, ","JALAN GOH HOCK HUAT, ","41400 KLANG, ",SELANGOR.,"LOT 3971, JALAN GOH HOCK HUAT, 41400 KLANG, SELANGOR.",03-3342 9651,,CENTRAL (S),,CASH
3000/S30,SHIN-ETSU (MALAYSIA) SDN BHD,,CHEN,"LOT 50, JALAN SERENDAH 26/17, ","HICOM INDUSTRIAL ESTATE, ","SHAH ALAM, ",40400 SELANGOR. ,"LOT 50, JALAN SERENDAH 26/17, HICOM INDUSTRIAL ESTATE, SHAH ALAM, 40400 SELANGOR. ",60351910195,03-5191 4290,KA,,60 DAYS
3000/S31,SHIMANO COMPONENTS (M) SDN BHD,,,"LOT 4550, LORONG A-16, ","PEKAN NENAS, ","PONTIAN, ",81500 JOHOR.,"LOT 4550, LORONG A-16, PEKAN NENAS, PONTIAN, 81500 JOHOR.",6076991599,"07-6991794, 07-6896294",SOUTH,,
3000/S32,SIM LEK ENGRAVING TRADING,,MS SIM,"LOT 297, ","KG KEMPAS BARU CHINA, ","JLN BANJARAN 2, TAMPOI, ",81200 JOHOR.,"LOT 297, KG KEMPAS BARU CHINA, JLN BANJARAN 2, TAMPOI, 81200 JOHOR.",60197563689,07-2383408,SOUTH,,CASH
3000/S33,SELECT METAL WORKS (M) SDN BHD,,STEVEN YAP,"NO. 152, JALAN 2D, ","KAMPUNG BARU SUBANG, ","SEKSYEN U6, SHAH ALAM, ",40150 SELANGOR.,"NO. 152, JALAN 2D, KAMPUNG BARU SUBANG, SEKSYEN U6, SHAH ALAM, 40150 SELANGOR.",60126916821,,CENTRAL (S),,30 DAYS
3000/S34,SYSTEM SOLUTION SDN BHD,,,"PLO 366, JALAN GANGSA 2, ","KAWASAN PERINDUSTRIAN PASIR GUDANG, ",81700 PASIR GUDANG.,,"PLO 366, JALAN GANGSA 2, KAWASAN PERINDUSTRIAN PASIR GUDANG, 81700 PASIR GUDANG.",011 6272 8278,,KA,,COD
3000/S35,SHIN-ETSU (MALAYSIA) SDN BHD,,CHEN,"LOT 50, JALAN SERENDAH 26/17, ","HICOM INDUSTRIAL ESTATE, ","SHAH ALAM, ",40400 SELANGOR.,"LOT 50, JALAN SERENDAH 26/17, HICOM INDUSTRIAL ESTATE, SHAH ALAM, 40400 SELANGOR.",60351912233,03-5191 4290,KA,,60 DAYS
3000/S36,SAYONG CHEMICALS SDN BHD,,SABRINA SOO,"NO. 27, JALAN APOLLO U5/194, ","SUBANG INT'L LIGHT INDUSTRIAL PARK, ","SHAH ALAM, ",40150 SELANGOR.,"NO. 27, JALAN APOLLO U5/194, SUBANG INT'L LIGHT INDUSTRIAL PARK, SHAH ALAM, 40150 SELANGOR.",60378421122,03-7842 2211,KA,,30 DAYS
3000/S37,SUNLIGHT INDUSTRIES SDN BHD,,GE QINLIANG,"309 & 310, JALAN EKOPERNIAGAAN 8, ","TAMAN EKOPERNIAGAAN 2, ","SENAI AIRPORT CITY, SENAI, ",81400 JOHOR.,"309 & 310, JALAN EKOPERNIAGAAN 8, TAMAN EKOPERNIAGAAN 2, SENAI AIRPORT CITY, SENAI, 81400 JOHOR.",60172037522,,CENTRAL (N),,
3000/T01,T & L METAL SERVICES,,LIAU AH POH,"NO. 23, JALAN MUTIARA EMAS 6/4, ","TMN MOUNT AUSTIN, ","JOHOR BAHRU, ",81100 JOHOR.,"NO. 23, JALAN MUTIARA EMAS 6/4, TMN MOUNT AUSTIN, JOHOR BAHRU, 81100 JOHOR.",60127705773,07-3518 415,SOUTH,,CASH
3000/T02,TAIPING ELECTRO-PLATING,,MR YIP,"LOT 7412, LORONG KILANG 6, ","TUPAI LIGHT INDUSTRIAL AREA, ","TAIPING, ",34000 PERAK.,"LOT 7412, LORONG KILANG 6, TUPAI LIGHT INDUSTRIAL AREA, TAIPING, 34000 PERAK.",60125388345,05-807 7322,NORTH,,60 DAYS
3000/T03,TAKRIF KLASIK SDN BHD,,,"NO. 62, JALAN TPP 1/19, ","TAMAN INDUSTRI PUCHONG, ","BATU 12, JALAN PUCHONG, ","47100 PUCHONG, SELANGOR.","NO. 62, JALAN TPP 1/19, TAMAN INDUSTRI PUCHONG, BATU 12, JALAN PUCHONG, 47100 PUCHONG, SELANGOR.",03-8061 4935 / 4934,03-8061 4934,CENTRAL,,60 DAYS
3000/T04,TAT KEAN ENTERPRISE,,,,,,,,,,,,60 DAYS
3000/T05,TECH SKILL COATING,,LIM CHENG HOOI,"LOT 3719, LORONG KILANG 7, ","KAW. PERUSAHAAN RINGAN TUPAI, ","34000 TAIPING, ",PERAK.,"LOT 3719, LORONG KILANG 7, KAW. PERUSAHAAN RINGAN TUPAI, 34000 TAIPING, PERAK.",60195504234,,NORTH,,30 DAYS
3000/T06,TECHNICHROME INDUSTRIES SDN BHD,,EN YUSOFF HAMID,"NO. 19, JLN SG KERAMAT 4, ","TMN KLANG UTAMA, ","41400 KLANG, ",SELANGOR.,"NO. 19, JLN SG KERAMAT 4, TMN KLANG UTAMA, 41400 KLANG, SELANGOR.",03-3290 4687,,CENTRAL (N),,60 DAYS
3000/T07,TH ELECTRO PLATING SDN BHD,,MS WONG (AC),"7, JLN ANGGERIK MOKARA 31/60, ","KOTA KEMUNING, SEKSYEN 31, ","40460 SHAH ALAM, ",SELANGOR.,"7, JLN ANGGERIK MOKARA 31/60, KOTA KEMUNING, SEKSYEN 31, 40460 SHAH ALAM, SELANGOR.",03-5121 1999,03-5121 6260,CENTRAL (N),,60 DAYS
3000/T08,TOP THERMO MFG (MALAYSIA) SDN BHD,,MS CHIAN KAMLAI,"LOT 64565, 4 1/2 MILES, ","JALAN KEBUN, SECTION 36, ","40470 SHAH ALAM, ",SELANGOR.,"LOT 64565, 4 1/2 MILES, JALAN KEBUN, SECTION 36, 40470 SHAH ALAM, SELANGOR.",03-5161 3196 / 3197,03-5161 1692 / 2050,CENTRAL,,60 DAYS
3000/T09,TGMF METAL FINISHING SDN BHD,,,"PLOT 614, JALAN MIEL 1, ","KAWASAN MIEL PASIR GUDANG, ","81700 PASIR GUDANG, ",JOHOR.,"PLOT 614, JALAN MIEL 1, KAWASAN MIEL PASIR GUDANG, 81700 PASIR GUDANG, JOHOR.",07-2561 654,,SOUTH,,
3000/T10,TECK & GUAN METAL FINISHING SDN BHD,,LAM LIAN POON,"PLO 614, JALAN MIEL 1, ","KAW MIEL PASIR GUDANG, ","PASIR GUDANG, ",81700 JOHOR.,"PLO 614, JALAN MIEL 1, KAW MIEL PASIR GUDANG, PASIR GUDANG, 81700 JOHOR.",6072561654,,SOUTH,,30 DAYS
3000/T11,TECH METAL PRECISION,,,"26, JALAN KEMPAS 4, ","PERINDUSTRIAN KEMPAS INDAH, ","81200 JOHOR BAHRU, ",JOHOR.,"26, JALAN KEMPAS 4, PERINDUSTRIAN KEMPAS INDAH, 81200 JOHOR BAHRU, JOHOR.",,,SOUTH,,CASH
3000/T12,TYC MARKETING,,,"NO.457,JALAN PERUSAHAAN 3, ","BANDAR BARU SUNGAI BULOH, ","40160 SUNGAI BULOH, ",SELANGOR.,"NO.457,JALAN PERUSAHAAN 3, BANDAR BARU SUNGAI BULOH, 40160 SUNGAI BULOH, SELANGOR.",03-6140 1442,03-6140 1442,CENTRAL,,CASH
3000/T13,T.H.HIN HOME TECH SDN BHD,,MS. N.C.LIM,"PLOT 100(i), MUKIM 1, ","TINGKAT PERUSAHAAN 2A, ","13600 PERAI, ","PENANG, MALAYSIA.","PLOT 100(i), MUKIM 1, TINGKAT PERUSAHAAN 2A, 13600 PERAI, PENANG, MALAYSIA.",04-399 3064,04-399 3086,NORTH,,CASH
3000/T14,TAMASEK GROUP SDN BHD,,CIK HANA,"NO. 8 (PTD 8731), JLN PERINDUSTRIAN 2, ","KAWASAN PERINDUSTRIAN PONTIAN, ","PONTIAN, ",82000 JOHOR.,"NO. 8 (PTD 8731), JLN PERINDUSTRIAN 2, KAWASAN PERINDUSTRIAN PONTIAN, PONTIAN, 82000 JOHOR.",6076861625,07-6861 627,SOUTH,,
3000/T15,TIONG NAM LOGISTICS SDN BHD,,,"LOT 204, JLN BUKIT BELIMBING 26/38, ","OFF PERSIARAN TENGKU AMPUAN, ","LION INDUSTRIAL PARK, SEKSYEN 26, ","40400 SHAH ALAM, SELANGOR.","LOT 204, JLN BUKIT BELIMBING 26/38, OFF PERSIARAN TENGKU AMPUAN, LION INDUSTRIAL PARK, SEKSYEN 26, 40400 SHAH ALAM, SELANGOR.",,,,,
3000/T16,TEST TOOLING SOLUTIONS (M) SDN BHD,,NOR HAFIZA,"NO. 22, JALAN CANGGIH 6, ","TAMAN PERINDUSTRIAN CEMERLANG, ","81800 ULU TIRAM, ",JOHOR.,"NO. 22, JALAN CANGGIH 6, TAMAN PERINDUSTRIAN CEMERLANG, 81800 ULU TIRAM, JOHOR.",07-861 9964,07-861 9924,SOUTH,,
3000/T17,TIDY LOCKS & FITTINGS SDN BHD,,,"NO. K67, LOT PLO 165, PTD 6500, ","JLN PERINDUSTRIAN 7, KWSN ","PERINDUSTRIAN TG. AGAS, MUAR, ",84000 JOHOR.,"NO. K67, LOT PLO 165, PTD 6500, JLN PERINDUSTRIAN 7, KWSN PERINDUSTRIAN TG. AGAS, MUAR, 84000 JOHOR.",60123996202,06-9520 105 / 06-9526 202,SOUTH,,CBD
3000/T18,TBG SOLUTION,,MS MIRA,"NO. 66, PRSN BOUGAINVILLEA UTAMA 1, ","BOUGAINVILLEA UTAMA, ","KUALA KANGSAR, ",33000 PERAK.,"NO. 66, PRSN BOUGAINVILLEA UTAMA 1, BOUGAINVILLEA UTAMA, KUALA KANGSAR, 33000 PERAK.",601116868766,,NORTH,,CBD
3000/T19,TECHNIFORCE SDN BHD,,JUSTIN WOO,"18-26, JALAN 118, ","KAWASAN 19, BATU 2, ","OFF JALAN KAPAR, KLANG, ",41400 SELANGOR.,"18-26, JALAN 118, KAWASAN 19, BATU 2, OFF JALAN KAPAR, KLANG, 41400 SELANGOR.",60333410200,03-3342 0200,CENTRAL (S),,CBD
3000/T20,TEXCHEM MALAYSIA SDN BHD,,MS NG BAK NAI,"PLOT 256, LRG PERUSAHAAN 10, ","PRAI INDUSTRIAL ESTATE, ","PRAI, ",13600 PENANG.,"PLOT 256, LRG PERUSAHAAN 10, PRAI INDUSTRIAL ESTATE, PRAI, 13600 PENANG.",04-3907951,,KA,,30 DAYS
3000/T21,T & L METAL SERVICES,,LIAU AH POH,"NO. 23, JALAN MUTIARA EMAS 6/4, ","TAMAN MOUNT AUSTIN, ","JOHOR BAHRU, ",81100 JOHOR.,"NO. 23, JALAN MUTIARA EMAS 6/4, TAMAN MOUNT AUSTIN, JOHOR BAHRU, 81100 JOHOR.",60127705773,6073518415,SOUTH,,CASH
3000/U01,UNITED CHEM SDN BHD,,MR LEE,"37, JALAN SELAT SELATAN 22, ","PANDAMARAN INDUSTRIAL PARK, ","PORT KLANG, ",42000 SELANGOR.,"37, JALAN SELAT SELATAN 22, PANDAMARAN INDUSTRIAL PARK, PORT KLANG, 42000 SELANGOR.",601227853,03-3165 8099,CENTRAL (S),,CASH
3000/U02,UEDA PLATING (M) SDN BHD,,SITI RAOUDHAH,"LOT 54,JALAN SEPINTAS 26/13, ","KAWASAN PERINDUSTRIAN HICOM, ","SHAH ALAM, ",40000 SELANGOR.,"LOT 54,JALAN SEPINTAS 26/13, KAWASAN PERINDUSTRIAN HICOM, SHAH ALAM, 40000 SELANGOR.",60351912550,03-5191 2488,KA,,60 DAYS
3000/U03,UNICHROME SDN BHD,,LOO KHAY HUAT,"NO. 1, 3 & 5, LORONG PALA 4, ","KWSN INDUSTRI RINGAN PERMATANG TINGGI, ","PERMATANG TINGGI, ",14100  S. P. T. PULAU PINANG.,"NO. 1, 3 & 5, LORONG PALA 4, KWSN INDUSTRI RINGAN PERMATANG TINGGI, PERMATANG TINGGI, 14100  S. P. T. PULAU PINANG.",6045020501,04-5682668,NORTH,,CASH
3000/U04,ULTIMATE METAL INDUSTRY SDN BHD,,KHOR CHEE WEA,"NO. 3, 5 & 7, LORONG SERULING 3, ","KAWASAN PERINDUSTRIAN VALDOR, ","SUNGAI BAKAP, ",14200 PULAU PINANG.,"NO. 3, 5 & 7, LORONG SERULING 3, KAWASAN PERINDUSTRIAN VALDOR, SUNGAI BAKAP, 14200 PULAU PINANG.",6045827448,04-5827449,NORTH,,30 DAYS
3000/U05,UNIMET SDN BHD,,LEONG YING BOON,"8, HALA PERUSAHAAN KLEDANG UTARA 5, ","MENGLEMBU LIGHT INDUSTRIAL PARK, ","IPOH, ",31450 PERAK.,"8, HALA PERUSAHAAN KLEDANG UTARA 5, MENGLEMBU LIGHT INDUSTRIAL PARK, IPOH, 31450 PERAK.",60125013334,,NORTH,,CBD
3000/V01,V-COAT (M) SDN BHD,,ELVIS CHEW N.N.,"NO. 16 & 18, JALAN MAJU 5, ","TMN PERINDUSTRIAN CEMERLANG, ","81800 ULU TIRAM, ",JOHOR.,"NO. 16 & 18, JALAN MAJU 5, TMN PERINDUSTRIAN CEMERLANG, 81800 ULU TIRAM, JOHOR.",07-8672 168,07-8673 624,SOUTH,,
3000/V02,VS METALS FINISHING SDN BHD,,CHONG,"NO 9, JALAN 5, OFF JALAN BUKIT RIMAU, ","BATU 7, BUKIT KEMUNING, ","SHAH ALAM, ",42450 SELANGOR.,"NO 9, JALAN 5, OFF JALAN BUKIT RIMAU, BATU 7, BUKIT KEMUNING, SHAH ALAM, 42450 SELANGOR.",60193836621,03-5121 4119,CENTRAL (S),,CASH
3000/V03,VISION INDUSTRIES SDN BHD,,,"NO. 2541, LORONG JELAWAT 6, ","SEBERANG JAYA, ","13700 PERAI, ",PENANG.,"NO. 2541, LORONG JELAWAT 6, SEBERANG JAYA, 13700 PERAI, PENANG.",04-3990791,03-3990799,NORTH,,30 DAYS
3000/W01,WAH HUP ELECTROPLATING WORKS,,WONG KAM SENG,"9, JALAN BERKAT 13, ","TAMAN MALIM JAYA, ",75250 MELAKA. ,,"9, JALAN BERKAT 13, TAMAN MALIM JAYA, 75250 MELAKA. ",60126390931,06-3376 671,SOUTH,,60 DAYS
3000/W02,WEE CHEONG BICYCLE IND. SDN BHD,,MR. TEOH H.C.,"823 / 1633, MK 11, ","CHIP JOO ESTATE, ","LORONG BUKIT TENGAH, BUKIT TENGAH, ","14000 BUKIT MERTAJAM, PENANG.","823 / 1633, MK 11, CHIP JOO ESTATE, LORONG BUKIT TENGAH, BUKIT TENGAH, 14000 BUKIT MERTAJAM, PENANG.",04-5089 931,04-5089 931,NORTH,,60 DAYS
3000/W03,WY POLISHING WORKS,,,"NO. 12, JLN 5 OFF JLN BUKIT RIMAU, ","BUKIT KEMUNING ELECTROPLATING PARK, ","BUKIT KEMUNING, 42450 SHAH ALAM, ",SELANGOR.,"NO. 12, JLN 5 OFF JLN BUKIT RIMAU, BUKIT KEMUNING ELECTROPLATING PARK, BUKIT KEMUNING, 42450 SHAH ALAM, SELANGOR.",019-2188 206,,CENTRAL (S),,CASH
3000/W04,WELL EQUIPPED PRECISION SDN BHD,,MS LEE,"LOT 3-51, JALAN TTC 24, ","TAMAN TEKNOLOGI CHENG, ","CHENG, ",75250 MELAKA.,"LOT 3-51, JALAN TTC 24, TAMAN TEKNOLOGI CHENG, CHENG, 75250 MELAKA.",6063355598,06-336 5031,SOUTH,,CASH
3000/X01,XIN YEW HUP ELECTROPLATING SDN BHD,,,"NO. 11, JALAN VILLARAYA 2/1, ","VILLARAYA INDUSTRIAL PARK II, ","43500 SEMENYIH, ",SELANGOR.,"NO. 11, JALAN VILLARAYA 2/1, VILLARAYA INDUSTRIAL PARK II, 43500 SEMENYIH, SELANGOR.",03,,CENTRAL,,
3000/Y01,YOK KEE ELECTRICAL HARDWARE MFG.,,MR TAN TIAMSAU,"NO. 12A, JALAN BK 1/11, ","TMN PERINDUSTRIAN BANDAR KINRARA, ","58200 PUCHONG, ",KUALA LUMPUR.,"NO. 12A, JALAN BK 1/11, TMN PERINDUSTRIAN BANDAR KINRARA, 58200 PUCHONG, KUALA LUMPUR.",03-8076 2004 / 2007,03-8076 2009,CENTRAL,,60 DAYS
3000/Y02,YOTO HARD-CHROME PLATING (M) SDN BHD,,,"LOT 17, KAW. PERINDUSTRIAN SEMAMBU, ","25350 KUANTAN, ",PAHANG. ,,"LOT 17, KAW. PERINDUSTRIAN SEMAMBU, 25350 KUANTAN, PAHANG. ",,,NORTH,,CASH
3000/Y03,YUNCHENG PLATE-MAKING TECHNOLOGY (M) S/B,,MR CHRIS KUAH,"NO. 1 & 3, JALAN PAHAT 16/8A, ","KAWASAN MIEL, ","SHAH ALAM, ",40000 SELANGOR.,"NO. 1 & 3, JALAN PAHAT 16/8A, KAWASAN MIEL, SHAH ALAM, 40000 SELANGOR.",60355113578,,CENTRAL (N),,CASH
3000/Y04,YUNCHENG INDUSTRIES (IPOH) SDN BHD,,CECELIA LEE,"2, PERUSAHAAN KLEDANG UTARA 1/1, ","TMN PERINDUSTRIAN CHANDAN RAYA, ","MENGLEMBU, ",31450 PERAK. ,"2, PERUSAHAAN KLEDANG UTARA 1/1, TMN PERINDUSTRIAN CHANDAN RAYA, MENGLEMBU, 31450 PERAK. ",60165599505,05-2822029,NORTH,,CASH
3000/Y05,YCL PRECISION ENGINEERING SDN BHD,,,"NO. 16, JALAN 20, ","TAMAN SRI KLUANG, ","86000 KLUANG, ",JOHOR.,"NO. 16, JALAN 20, TAMAN SRI KLUANG, 86000 KLUANG, JOHOR.",07-7714 080,,SOUTH,,
3000/Y06,YOONSTEEL (MALAYSIA) SDN BHD,,MS ANNY TIW,"SITE 14, ","TASEK INDUSTRIAL ESTATE, ","IPOH, ",31400 PERAK.,"SITE 14, TASEK INDUSTRIAL ESTATE, IPOH, 31400 PERAK.",6055451700,05-546 1506,KA,,CASH
3000/Y07,YUEN LEE CASTING SDN BHD,,MS HO,"LOT. 51, JALAN JOHAN 1/6, ","KWSN PERIND. PENGKALAN II, ","PUSING, ",31550 PERAK.,"LOT. 51, JALAN JOHAN 1/6, KWSN PERIND. PENGKALAN II, PUSING, 31550 PERAK.",6053669031,05-366 4032,NORTH,,CASH
3000/Y08,YP PLASTIC INDUSTRIES SDN BHD,,LIM XIAO WEI,"83, JALAN IDAMAN 1/3, ","TAMAN DESA IDAMAN, ","SENAI, ",81400 JOHOR.,"83, JALAN IDAMAN 1/3, TAMAN DESA IDAMAN, SENAI, 81400 JOHOR.",601111249596,,SOUTH,,CBD
3000/Y09,YAEMA MOTOR WORKSHOP,,MRS LEONG,"LOT 7935, BUKIT CHERAKAH, ","KG BARU SUBANG, SEKSYEN U6, ","SHAH ALAM, ",40150 SELANGOR.,"LOT 7935, BUKIT CHERAKAH, KG BARU SUBANG, SEKSYEN U6, SHAH ALAM, 40150 SELANGOR.",60123352093,,CENTRAL (S),,CBD
3000/Y99,YAU LUEN ELECTROPLATING,,,,,,,,,,,,
3000/Z01,ZINPRO COATING SERVICES,,,"NO. 14, LORONG INDUSTRI 15, ","KAW. INDUSTRI BUKIT PANCHOR, ","14300 NIBONG TEBAL, ",PULAU PINANG.,"NO. 14, LORONG INDUSTRI 15, KAW. INDUSTRI BUKIT PANCHOR, 14300 NIBONG TEBAL, PULAU PINANG.",04-5982 533,04-5982 502,NORTH,,30 DAYS
3000/Z02,ZINCPRO COATING SDN BHD,,,"10, LORONG PERINDUSTRIAN, ","BUKIT MINYAK 2, ","TMN PERINDUSTRIAN BUKIT MINYAK, ","14100 BUKIT MERTAJAM, PENANG.","10, LORONG PERINDUSTRIAN, BUKIT MINYAK 2, TMN PERINDUSTRIAN BUKIT MINYAK, 14100 BUKIT MERTAJAM, PENANG.",04-5072 533 / 5,04-5082 480,NORTH,,30 DAYS