DEBTOR CODE,Company Name,Registration No.,TIN No.,Billing Address Line 1,Billing Address Line 2,Billing Address Line 3,Billing Address Line 4,Billing Post Code,Delivery Address Line 1,Delivery Address Line 2,Delivery Address Line 3,Delivery Address Line 4,Delivery Post Code,Area,Attention,Phone 1,Phone 2,Fax 1,Fax 2,E-mail Address,Web Address,Sales Agent,Credit Term,Credit Limit,Overdue Limit,Currency Code,Note,page number
300-000A,GOVERNMENT BODIES,,,,,,,,,,,,,,,,,,,,,,C.O.D.,"30,000.00",.00,MYR,,1
300-A004,AVISENA HEALTHCARE SDN BHD (201301018445),,,C22963782050,"No. 4, Jalan Ikhtisas, Seksyen 14,","Shah Alam, Selangor Darul Ehsan",,40000,C22963782050,"No. 4, Jalan Ikhtisas, Seksyen 14,","Shah Alam, Selangor Darul Ehsan",,40000,,,,,,,,,Vivian Lim Wei Wen,Net 30 days,"30,000.00",.00,MYR,,2
300-A00A,ADVENTIST HOSPITAL & CLINIC SERVICES (M),,C5891195020,Company No.: 199301000960,"465 Jalan Burma,","10350 Penang, Malaysia.",,10350,Company No.: 199301000960,"465 Jalan Burma,","10350 Penang, Malaysia.",,10350,,,+6042227678,,,,MMD_Procurement@pah.com.my,,Jocelyn Ch'ng Wen Pin,Net 60 days,"30,000.00",.00,MYR,,3
300-A00B,"AMPLE HEALTHCARE S/B 202001034022 (1390343-
U)",,C26497894030,"13A-11, Suite Vivo 9 Seputeh,",Jalan Telok Datuk,"Off Jalan Klang Lama, Kuala Lumpur",,58000,"13A-11, Suite Vivo 9 Seputeh,",Jalan Telok Datuk,"Off Jalan Klang Lama, Kuala Lumpur",,58000,,,,,,,karen.tan@amplehealthcare.com,,,Net 30 days,"30,000.00",.00,MYR,,4
300-A00E,"HSC Medical Center (KL) Sdn Bhd 200201024594
(592257-H)",200201024594 (592257-H),C10976173010,"Level 3A, Menara ALTY,","187 Jalan Ampang,","Kuala Lumpur, Malaysia",,50450,"Level 3A, Menara ALTY,","187 Jalan Ampang,","Kuala Lumpur, Malaysia",,50450,,,+603 27870500,,,,,,Vivienne Wong Hui Kie,Net 30 days,"60,000.00",.00,MYR,,5
300-A00F,AURELIUS HOSPITAL ALOR SETAR (201201009893),,C23696504020,"B-5, Persiaran Bandar Baru Mergong,","Jalan Perusahaan 1,Bandar Baru Mergong,","Alor Setar, Kedah Darul Aman",,05150,"B-5, Persiaran Bandar Baru Mergong,","Jalan Perusahaan 1,Bandar Baru Mergong,","Alor Setar, Kedah Darul Aman",,05150,,,,,,,,,Oi Cheak Seang,Net 30 days,"30,000.00",.00,MYR,,6
300-A00G,ASSUNTA HOSPITAL,,,Jalan Templer,Pjs 4,"Petaling Jaya, Selangor",,46990,Jalan Templer,Pjs 4,"Petaling Jaya, Selangor",,46990,,,,,,,,,Vivian Lim Wei Wen,Net 60 days,"50,000.00",.00,MYR,,7
300-B00A,"Bagan Specialist Centre Sdn Bhd 197901005191
(49466-V)",49466-V,C4899598030,"Jalan Bagan 1, Taman Bagan,","13400 Butterworth,",Pulau Pinang,,13400,"Jalan Bagan 1, Taman Bagan,","13400 Butterworth,",Pulau Pinang,,13400,,,+6043710000,,,,norhaslida@bagan.com.my,,Jocelyn Ch'ng Wen Pin,Net 30 days,"30,000.00",.00,MYR,,8
300-B00B,B.BRAUN MEDICAL SUPPLIES SDN BHD,56425-H,,"8 First Avenue, Persiaran Bandar Utama,","Crown Penthouse, Plaza IBM,","47800 Petaling Jaya, Selangor D.Ehsan,",,47800,"8 First Avenue, Persiaran Bandar Utama,","Crown Penthouse, Plaza IBM,","47800 Petaling Jaya, Selangor D.Ehsan,",,47800,,,,,,,,http://www.bbraun.com,,C.O.D.,"30,000.00",.00,MYR,,9
300-B00C,"BUKIT TINGGI HOSPITAL SDN BHD
(199501011596)",,C1853359000,"Lot 83211, Persiaran Batu Nilam,","41200 Klang, Selangor",,,41200,"Lot 83211, Persiaran Batu Nilam,","41200 Klang, Selangor",,,41200,,,,,,,,,,Net 30 days,"30,000.00",.00,MYR,,10
300-B00D,BONE CULTURE SDN BHD (951510P),,C21588731100,"NO.866, Jalan Stampin Tengah 5E","Kuching, Sarawak",,,93350,"NO.866, Jalan Stampin Tengah 5E","Kuching, Sarawak",,,93350,,,,,,,jonathan.tangkj@yahoo.com,,,C.O.D.,"30,000.00",.00,MYR,,11
300-C008,"COLUMBIA ASIA HOSPITAL-TEBRAU
(199601016009)",199601016009,C1866596090,"Persiaran Southkey 5,",Kota Southkey,"Johor Bahru, Johor.",,80150,"Persiaran Southkey 5,",Kota Southkey,"Johor Bahru, Johor.",,80150,,,,,,,,,Vivian Lim Wei Wen,Net 30 days,"50,000.00",.00,MYR,,12
300-C00A,"COLUMBIA ASIA HOSPITAL CHERAS 199601016009
(388359-P)",,C1866596090,"Jalan Suakasih, Tun Hussein Onn,","43200 Cheras, Selangor",,,43200,"Jalan Suakasih, Tun Hussein Onn,","43200 Cheras, Selangor",,,43200,,,+60390869999,,,,manopiriya.chenganathan@columbiaasia.com,,Lim Bao Sen,Net 30 days,"30,000.00",.00,MYR,,13
300-C00B,Columbia Asia Sdn Bhd 199601016009 (388359-P),199601016009,C1866596090,Columbia Asia Hospital – Puchong,"No 1, Lebuh Puteri, Bandar Puteri,","47100 Puchong, Selangor",,47100,Columbia Asia Hospital – Puchong,"No 1, Lebuh Puteri, Bandar Puteri,","47100 Puchong, Selangor",,47100,,,+60380648688,,,,ap.puchong@columbiaasia.com,,Lim Bao Sen,Net 30 days,"30,000.00",.00,MYR,,14
300-C00C,COLUMBIA ASIA S/B (SETAPAK),,,Columbia Asia Hospital Setapak,"No.1, Jalan Danau Saujana,",Kuala Lumpur,,53300,Columbia Asia Hospital Setapak,"No.1, Jalan Danau Saujana,",Kuala Lumpur,,53300,,,,,,,,,Lim Bao Sen,Net 30 days,"50,000.00",.00,MYR,,15
300-C00D,COLUMBIA ASIA S/B (KLANG),,,Columbia Asia Hospital – Klang,"PT 71153 Jln Mahkota 1/KU2,","Mutiara Bkt Raja 2 KM2 Off Jln Meru,","Klang, Selangor",41050,Columbia Asia Hospital – Klang,"PT 71153 Jln Mahkota 1/KU2,","Mutiara Bkt Raja 2 KM2 Off Jln Meru,","Klang, Selangor",41050,,,,,,,,,Lim Bao Sen,Net 30 days,"50,000.00",.00,MYR,,16
300-C00E,CMH SPECIALIST HOSPITAL,,,"Jalan Tun Dr Ismail,",Seremban,N.S.D.K,,70200,"Jalan Tun Dr Ismail,",Seremban,N.S.D.K,,70200,,Veronica,,,,,veronica.a@cmhspecialist.my,,Vivienne Wong Hui Kie,Net 30 days,"30,000.00",.00,MYR,,17
300-C00F,COLUMBIA ASIA S/N (TAIPING),199601016009,,"No. 5, Jalan Perwira,",Taiping,Perak,,34000,"No. 5, Jalan Perwira,",Taiping,Perak,,34000,,,,,,,,,,Net 30 days,"30,000.00",.00,MYR,,18
300-D00A,DOUBLE TWO MEDICAL SERVICES,,,"NO.13, JALAN SERAMBI U8/27",BUKIT JELUTONG,"SHAH ALAM, SELANGOR",,40150,"NO.13, JALAN SERAMBI U8/27",BUKIT JELUTONG,"SHAH ALAM, SELANGOR",,40150,,Baosen,,,,,doubletwomedical@gmail.com,,,C.O.D.,"100,000.00",.00,MYR,,19
300-D00B,DARUL MAKMUR MEDICAL CENTRE,,,"Jalan Kempadang Makmur,","Taman Kempadang Makmur,","Kuantan, Pahang",,26060,"Jalan Kempadang Makmur,","Taman Kempadang Makmur,","Kuantan, Pahang",,26060,,Sabrina,,,,,dmmc.purchasing@gmail.com,,Eng Yiven,Net 60 days,"60,000.00",.00,MYR,,20
300-E00A,ETIQA LIFE INSURANCE BHD (201701025113),,C25069720030,"Level 19, Tower C, Dataran Maybank, No.1",Kuala Lumpur,,,59000,"Level 19, Tower C, Dataran Maybank, No.1",Kuala Lumpur,,,59000,,,,,,,,,,C.O.D.,"30,000.00",.00,MYR,,21
300-G00A,"PULAU PINANG CLINIC SDN BHD 197101000052
(10387-K)",10387-K,C862779070,"1, Jalan Pangkor,",10050 Pulau Pinang,,,10050,"1, Jalan Pangkor,",10050 Pulau Pinang,,,10050,,,+6042229085,,,,hwooinee.teoh@gleneagles.com.my,www.gleneagles-penang.com,Jocelyn Ch'ng Wen Pin,Net 30 days,"30,000.00",.00,MYR,,22
300-G00B,GEORGETOWN SPECIALIST HOSPITAL SDN BHD,,,"12A, Jln Masjid Negeri,","11600 George Town, Pulau Pinang",,,11600,"12A, Jln Masjid Negeri,","11600 George Town, Pulau Pinang",,,11600,,,+6048295401,,,,yy.tan@georgetownspecialist.com,,,Net 60 days,"30,000.00",.00,MYR,,23
300-H00A,HOSPITAL KULIM,,,"Jalan Mahang, 09000 Kulim,",Kedah,,,09000,"Jalan Mahang, 09000 Kulim,",Kedah,,,09000,,,,,,,,,Eelan Kai Siang,C.O.D.,"30,000.00",.00,MYR,,24
300-H00B,HOSPITAL SULTANAH BAHIYAH,,,"Km6, Jln Langgar, Bandar Alor Setar,","05460 Alor Setar, Kedah",,,05460,"Km6, Jln Langgar, Bandar Alor Setar,","05460 Alor Setar, Kedah",,,05460,,,,,,,,,Oi Cheak Seang,C.O.D.,"30,000.00",.00,MYR,,25
300-H00C,HOSPITAL SEBERANG JAYA,,,"13700 Perai, Pulau Pinang",,,,13700,"13700 Perai, Pulau Pinang",,,,13700,,,,,,,,,Jocelyn Ch'ng Wen Pin,C.O.D.,"30,000.00",.00,MYR,,26
300-H00D,HOSPITAL PULAU PINANG,,,"Jalan Residensi, 10990","George Town, Pulau Pinang",,,10990,"Jalan Residensi, 10990","George Town, Pulau Pinang",,,10990,,,,,,,,,Eelan Kai Siang,C.O.D.,"30,000.00",.00,MYR,,27
300-H00E,HOSPITAL SULTAN ABDUL HALIM,,,"Jalan Lencongan Timur,","Bandar Amanjaya,","08000 Sungai Petani,",Kedah Darul Aman,08000,"Jalan Lencongan Timur,","Bandar Amanjaya,","08000 Sungai Petani,",Kedah Darul Aman,08000,,,,,,,,,Oi Cheak Seang,C.O.D.,"30,000.00",.00,MYR,,28
300-H00F,HOSPITAL SULTANAH MALIHA,,,"Jalan Bukit, 07000 Langkawi, Kedah",,,,07000,"Jalan Bukit, 07000 Langkawi, Kedah",,,,07000,,,,,,,,,Oi Cheak Seang,C.O.D.,"30,000.00",.00,MYR,,29
300-H00G,HOSPITAL TUNKU FAUZIAH,,,"Jalan Tun Abdul Razak,","Pusat Bandar Kangar,","01000 Kangar, Perlis",,01000,"Jalan Tun Abdul Razak,","Pusat Bandar Kangar,","01000 Kangar, Perlis",,01000,,,,,,,,,Oi Cheak Seang,C.O.D.,"30,000.00",.00,MYR,,30
300-H00H,HOSPITAL TAIPING,,,"Jalan Taming Sari, 34000 Taiping, Perak",,,,34000,"Jalan Taming Sari, 34000 Taiping, Perak",,,,34000,,,,,,,,,Ehztella Sim Bee Poh,C.O.D.,"30,000.00",.00,MYR,,31
300-H00L,HOSPITAL SHAH ALAM,,,"Persiaran Kayangan, Seksyen 7,","Shah Alam, Selangor",,,40000,"Persiaran Kayangan, Seksyen 7,","Shah Alam, Selangor",,,40000,,,,,,,,,Vivienne Wong Hui Kie,C.O.D.,"30,000.00",.00,MYR,,32
300-H00M,HOSPITAL PENDANG,,,"Kampung Banggol Pauh, Mukim Air Putih,","Pendang, Kedah",,,06700,"Kampung Banggol Pauh, Mukim Air Putih,","Pendang, Kedah",,,06700,,,,,,,,,Oi Cheak Seang,C.O.D.,"30,000.00",.00,MYR,,33
300-H00N,UTAR EDUCATION FOUNDATION,,C10764532070,"Jalan Hospital UTAR,","Kampar, Perak Darul Ridzuan",,,31900,"Jalan Hospital UTAR,","Kampar, Perak Darul Ridzuan",,,31900,,,+605 618 1333,,,,finance@utarhospital.org.my,,,Net 30 days,"30,000.00",.00,MYR,,34
300-H00O,HOSPITAL RAJA PERMAISURI BAINUN,,,Jalan Raja Ashman Shah,"Ipoh, Perak",,,30450,Jalan Raja Ashman Shah,"Ipoh, Perak",,,30450,,,05-208 7000,,,,,,,C.O.D.,"30,000.00",.00,MYR,,35
300-H00P,HOSPITAL PUTRAJAYA,,,"Jalan P9, Presint 7,Putrajaya",Wilayah Persekutuan,Putrajaya,,62250,"Jalan P9, Presint 7,Putrajaya",Wilayah Persekutuan,Putrajaya,,62250,,,,,,,,,Vivian Lim Wei Wen,C.O.D.,"30,000.00",.00,MYR,,36
300-H00Q,HOSPITAL RAJA PEREMPUAN ZAINAB,,,"15586, Jalan Kota Bharu-Kuala Terengganu",Bandar Kota Bharu,Kota Bharu,Kelantan,15200,"15586, Jalan Kota Bharu-Kuala Terengganu",Bandar Kota Bharu,Kota Bharu,Kelantan,15200,,,,,,,,,,C.O.D.,"30,000.00",.00,MYR,,37
300-H00R,HOSPITAL TANAH MERAH,,,"R553+XQ, Jalan Hospital, Tanah Merah",Kelantan,,,17500,"R553+XQ, Jalan Hospital, Tanah Merah",Kelantan,,,17500,,,,,,,,,Eng Yiven,C.O.D.,"30,000.00",.00,MYR,,38
300-H010,HOSPITAL BALING,,,"Baling, 09100 Baling, Kedah",,,,09100,"Baling, 09100 Baling, Kedah",,,,09100,,,,,,,,,Eelan Kai Siang,C.O.D.,"30,000.00",.00,MYR,,39
300-H011,Damansara Specialist Hospital 2,199501004971,C11203478000,199501004971,"No.1, Bukit Lanjan 3,",Federal Territory of Kuala Lumpur,,60000,199501004971,"No.1, Bukit Lanjan 3,",Federal Territory of Kuala Lumpur,,60000,,,+603 77173000,,,,,,Lim Bao Sen,Net 30 days,"30,000.00",.00,MYR,,40
300-I00A,Island Hospital Sdn. Bhd. (199401038023),,C5890633090,"308 Macalister Road, 10450 Penang",,,,10450,"308 Macalister Road, 10450 Penang",,,,10450,,,,,,,,,Jocelyn Ch'ng Wen Pin,Net 30 days,"50,000.00",.00,MYR,,41
300-J00A,JABATAN PERKHIDMATAN AWAM,,,,,,,,,,,,,,,,,,,,,,C.O.D.,"30,000.00",.00,MYR,,42
300-J00B,J&J MURNI S/B,,,"Unit 218, 2nd Floor , Blok A,",Damansara Intan,"No 1, Jalan SS20/27","Petaling Jaya , Selangor",47400,"Unit 218, 2nd Floor , Blok A,",Damansara Intan,"No 1, Jalan SS20/27","Petaling Jaya , Selangor",47400,,,,,,,,,,C.O.D.,"30,000.00",.00,MYR,,43
300-K00A,KAJANG PLAZA MEDICAL CENTRE,,,"36, Jalan Dato Seri P. Alagendra 2,","Bandar Kajang, 43000 Kajang, Selangor",,,43000,"36, Jalan Dato Seri P. Alagendra 2,","Bandar Kajang, 43000 Kajang, Selangor",,,43000,,Cik Rohayu,,,,,,,,Net 60 days,"30,000.00",.00,MYR,,44
300-K00B,KPJ KLANG SPECIALIST HOSPITAL,,C5871152100,199201015575 (247079-M),"102, Persiaran Rajawali/Ku1","Bandar Baru Klang, 41150 Klang, Selangor",,41150,199201015575 (247079-M),"102, Persiaran Rajawali/Ku1","Bandar Baru Klang, 41150 Klang, Selangor",,41150,,,,,,,,,,Net 30 days,"30,000.00",.00,MYR,,45
300-K00C,Kedah Medical Centre Sdn. Bhd. (197901003750),,C899954060,"Pumpong, 05250 Alor Star,",Kedah Darul Aman,,,05250,"Pumpong, 05250 Alor Star,",Kedah Darul Aman,,,05250,,,+604-7744907,,,,wardah.kmc@gmail.com,,Oi Cheak Seang,Net 30 days,"30,000.00",.00,MYR,,46
300-K00D,"KPJ DAMANSARA SPECIALIST HOSPITAL (334166-
V)",,C11203478000,"119, Jalan SS 20/10, Damansara Utama,","47400 Petaling Jaya, Selangor",,,47400,"119, Jalan SS 20/10, Damansara Utama,","47400 Petaling Jaya, Selangor",,,47400,,,,,,,mrizal@kpjdamansara.com,,Lim Bao Sen,Net 60 days,"30,000.00",.00,MYR,,47
300-K00E,"KPJ KAJANG SPECIALIST HOSPITAL
(199101001486)",211797-T,C10455182080,"Jalan Cheras, Kampung Sungai Kantan,","43000 Kajang, Selangor",,,43000,"Jalan Cheras, Kampung Sungai Kantan,","43000 Kajang, Selangor",,,43000,,,+60387692829,,,,,,Lim Bao Sen,Net 30 days,"50,000.00",.00,MYR,,48
300-K00F,"KEK LOK SI CHARITABLE HOSPITAL
(201601005357)",,F24919748000,"623, Jln Balik Pulau, Pekan Ayer Itam","11500 Ayer Itam, Pulau Pinang",,,11500,"623, Jln Balik Pulau, Pekan Ayer Itam","11500 Ayer Itam, Pulau Pinang",,,11500,,,+604 2999333,,,,finance-ap@klsch.my,,Jocelyn Ch'ng Wen Pin,Net 30 days,"50,000.00",.00,MYR,,49
300-K00G,"KPJ PENANG SPECIALIST HOSPITAL
(200501022411)",,,C23396888010,"570, Jln Perda Utama,","Bandar Baru Perda,","Bukit Mertajam,Penang",14000,C23396888010,"570, Jln Perda Utama,","Bandar Baru Perda,","Bukit Mertajam,Penang",14000,,,+604 548 6688,,,,finance.png@kpjpenang.com,,Jocelyn Ch'ng Wen Pin,Net 60 days,"30,000.00",.00,MYR,,50
300-K00H,KPJ SENTOSA KL SPECIALIST HOSPITAL,,,"Kompleks Damai,","36, Jalan Cemur,",Wilayah Persekutuan,,50400,"Kompleks Damai,","36, Jalan Cemur,",Wilayah Persekutuan,,50400,,,,,,,,,,Net 60 days,"30,000.00",.00,MYR,,51
300-K00J,KMI KUALA TERENGGANU MEDICAL CENTRE (KTS),,,"Level 1, Lot 3963,","Jalan Sultan Mahmud,","Kuala Terengganu, Terengganu.",,20400,"Level 1, Lot 3963,","Jalan Sultan Mahmud,","Kuala Terengganu, Terengganu.",,20400,,,,,,,,,Eng Yiven,Net 60 days,"60,000.00",.00,MYR,,52
300-K00K,KPJ PERDANA SPECIALIST HOSPITAL,,,"PT 37 & 600 Dan Lot 684 (Level 1,2&3),","Seksyen, 14, Jalan Bayam,","Bandar Kota Bharu,","Kota Bharu, Kelantan",15200,"PT 37 & 600 Dan Lot 684 (Level 1,2&3),","Seksyen, 14, Jalan Bayam,","Bandar Kota Bharu,","Kota Bharu, Kelantan",15200,,,,,,,,,Eng Yiven,Net 60 days,"60,000.00",.00,MYR,,53
300-K00L,"KPJ SEREMBAN SPECIALIST HOSPITAL
(199201015575)",,C5871152100,"Lot 6219 & 6220, Jalan Toman 1,","Kemayan Square, Seremban,",Negeri Sembilan,,70200,"Lot 6219 & 6220, Jalan Toman 1,","Kemayan Square, Seremban,",Negeri Sembilan,,70200,,,,,,,norul.ashikin@kpjseremban.com,,,Net 30 days,"30,000.00",.00,MYR,,54
300-K00M,KUANTAN MEDICAL CENTRE S/B,199601042529,,"Jalan Tun Razak,","Bandar Indera Mahkota,","Kuantan, Pahang",,25200,"Jalan Tun Razak,","Bandar Indera Mahkota,","Kuantan, Pahang",,25200,,,,,,,aznie.razali@tdmberhad.com.my,,Eng Yiven,Net 60 days,"50,000.00",.00,MYR,,55
300-K00N,KPJ PAHANG SPECIALIST HOSPITAL S/B,200901034631,,"Jalan Tanjung Lumpur,","Kuantan, Pahang",,,26060,"Jalan Tanjung Lumpur,","Kuantan, Pahang",,,26060,,,,,,,sitinursharliza.kpjpahang@gmail.com,,Eng Yiven,Net 60 days,"30,000.00",.00,MYR,,56
300-K00O,KPJ PERLIS SPECIALIST HOSPITAL,,C23396888010,"No.77, Jalan Dato Wan Ahmad","Kangar, Perlis",,,01000,"No.77, Jalan Dato Wan Ahmad","Kangar, Perlis",,,01000,,,,,,,,,Oi Cheak Seang,Net 30 days,"30,000.00",.00,MYR,,57
300-L00A,HOSPITAL LAM WAH EE (PPM-004-07-05061950),PPM-004-07-05061950,F786513090,"141, Jalan Tan Sri Teh Hwe Lim,","11600 George Town,",Pulau Pinang,,11600,"141, Jalan Tan Sri Teh Hwe Lim,","11600 George Town,",Pulau Pinang,,11600,,,+6046528888,,,,lamwahee@hlwe.com,www.hlwe.com.my,Eelan Kai Siang,Net 60 days,"30,000.00",.00,MYR,,58
300-L00B,LOH GUAN LYE & SONS SND BHD (15761-M),,C868682030,"238, Jalan Macalister,","George Town, Pulau Pinang",,,10400,"238, Jalan Macalister,","George Town, Pulau Pinang",,,10400,,,,,,,zsyeoh@lohguanlye.com,,,Net 30 days,"30,000.00",.00,MYR,,59
300-M00A,"MEDTRONIC MALAYSIA SDN BHD 200301009341
(611761-M)",611761-M,C11261205090,"B-23-01, The Ascent, Paradigm,","No.1, Jalan SS7/26A, Kelana Jaya,","Petaling Jaya, Selangor",,47301,"B-23-01, The Ascent, Paradigm,","No.1, Jalan SS7/26A, Kelana Jaya,","Petaling Jaya, Selangor",,47301,,,+60378838000,,,,,,,Net 45 days,"30,000.00",.00,MYR,,60
300-M00B,MEDECINS EVERGREEN SDN BHD (572092-X),,C22737434070,"Unit No. B2-1-6, 1st Floor, Block B2,","Canaan Square, Jalan Stutong Baru,","93350 Kuching, Sarawak",,93350,"Unit No. B2-1-6, 1st Floor, Block B2,","Canaan Square, Jalan Stutong Baru,","93350 Kuching, Sarawak",,93350,,,,,,,account@medecinsevergreen.com,,,Net 30 days,"50,000.00",.00,MYR,,61
300-M00C,MEDIDIS SUPPLY S/B (721991-W),,C12028407030,"17-1-31, Medan Kampung Relau,","Mk. 12, Bayan Point, 11900 Bayan Lepas",Penang,,,"17-1-31, Medan Kampung Relau,","Mk. 12, Bayan Point, 11900 Bayan Lepas",Penang,,,,,,,,,,,,Net 60 days,"50,000.00",.00,MYR,,62
300-M00D,"MANAGEMENT AND SCIENCE UNIVERSITY S/B
(452512-D)",,C10701198000,"University Drive, Off Persiaran Olahraga",Section 13 Shah Alam,"Selangor, Malaysia",,40100,"University Drive, Off Persiaran Olahraga",Section 13 Shah Alam,"Selangor, Malaysia",,40100,,,03-55262888,,,,,,,Net 30 days,"30,000.00",.00,MYR,,63
300-M00E,Myo Medic (003608345-K),,IG40257667050,"39, Jalan USJ11/3N,","47620 Subang Jaya,",Selangor,,,"39, Jalan USJ11/3N,","47620 Subang Jaya,",Selangor,,,,Vivienne Wong,,,,,medicmyo@gmail.com,,,C.O.D.,"30,000.00",.00,MYR,,64
300-M00F,MEDI TRUMP SDN BHD (20110101966),,C22241176070,"No.41, Jalan Kluang Perdana 1,","Taman Kluang Perdana,","86000 Kluang, Johor",,,"No.41, Jalan Kluang Perdana 1,","Taman Kluang Perdana,","86000 Kluang, Johor",,,,,,,,,finance@meditrump.com.my,,,Net 60 days,"30,000.00",.00,MYR,,65
300-M00G,MEDICAL REVOLUTION S/B (201101002850),,C21834745060,D-06-46 Blok Dahlia 10 Boulevard,Lebuhraya Sprint PJU 6A,"Petaling Jaya, Selangor",,47400,D-06-46 Blok Dahlia 10 Boulevard,Lebuhraya Sprint PJU 6A,"Petaling Jaya, Selangor",,47400,,,,,,,admin@medrev.com.my,,,C.O.D.,"30,000.00",.00,MYR,,66
300-M00H,METRO KURNIA S/B (199201012255),,C5856119060,"No 1, Lorong Metro,","Sungai Petani,",Kedah,,08000,"No 1, Lorong Metro,","Sungai Petani,",Kedah,,08000,,,,,,,fathihah@hospitalmetro.com,,,Net 30 days,"30,000.00",.00,MYR,,67
300-O00A,ORTHOPAEDIC SPECIALIST CENTRE,,,"G-1-1 to G-6-1 Damen USJ,","Persiaran Kewajipan, USJ 1,","Subang Jaya, Selangor",,47600,"G-1-1 to G-6-1 Damen USJ,","Persiaran Kewajipan, USJ 1,","Subang Jaya, Selangor",,47600,,,,,,,account@oscortho.my,,,Net 30 days,"30,000.00",.00,MYR,,68
300-P00A,"Syarikat Tunas Pantai Sdn Bhd 199201009794
(241297-H)",241297-H,C6861519010,"82, Jalan Tengah, Bayan Baru","Bayan Lepas , Penang , Malaysia",,,11900,"82, Jalan Tengah, Bayan Baru","Bayan Lepas , Penang , Malaysia",,,11900,,,+6046433888,,,,,,Jocelyn Ch'ng Wen Pin,Net 30 days,"50,000.00",.00,MYR,,69
300-P00B,"Pusat Rehabilitasi PERKESO Sdn. Bhd.
(201701009288)",201701009288,C26190775010,Lot PT7263 [H.S (D) 18923],"Hang Tuah Jaya, Bandar Hijau",75450 Melaka,,75450,Lot PT7263 [H.S (D) 18923],"Hang Tuah Jaya, Bandar Hijau",75450 Melaka,,75450,,,+6062354000,,,,,,,C.O.D.,"30,000.00",.00,MYR,,70
300-P00C,PRINCE COURT MEDICAL CENTRE S/B,,C11274035090,200201032170 (599835-A),"39, Jalan Kia Peng,","Kuala Lumpur,",,50450,200201032170 (599835-A),"39, Jalan Kia Peng,","Kuala Lumpur,",,50450,,,,,,,,,,Net 30 days,"60,000.00",.00,MYR,,71
300-P00D,Unique Luxury Sdn. Bhd. 199101005481 (215791-U),,C5856124020,"888, Jalan Sekerat, Off Jalan Putra,","Alor Setar,",Kedah Darul Aman.,,05100,"888, Jalan Sekerat, Off Jalan Putra,","Alor Setar,",Kedah Darul Aman.,,05100,,,+6047342888,,,,,,Oi Cheak Seang,Net 30 days,"30,000.00",.00,MYR,,72
300-P00E,"Pantai Hospital Laguna Merbok C/O Amanjaya
Specialist Centre Sdn Bhd",200501007154 (684201-W),C11813396090,"No. 1, Lorong BLM 1/10,","Bandar Laguna Merbok,","Sungai Petani, Kedah.",,08000,"No. 1, Lorong BLM 1/10,","Bandar Laguna Merbok,","Sungai Petani, Kedah.",,08000,,,+604-4423888,,,,finance@phlm.com.my,,Oi Cheak Seang,Net 30 days,"30,000.00",.00,MYR,,73
300-P00F,"PANTAI HOSPITAL SUNGAI PETANI Branch C/O
Pantai Medical Centre Sdn Bhd",,C2864692040,198101006941 (73056-D),"No.1, Persiaran Cempaka Bandar Amanjaya,","Sungai Petani, Kedah Darul Aman",,08000,198101006941 (73056-D),"No.1, Persiaran Cempaka Bandar Amanjaya,","Sungai Petani, Kedah Darul Aman",,08000,,,+604-442 8888,,,,,,Oi Cheak Seang,Net 30 days,"30,000.00",.00,MYR,,74
300-P00G,PAHANG MEDICAL CENTRE S/B,,,"Lot 1, 3, 5 & 7, Wisma MUIP,",Jalan Gambut,"Kuantan, Pahang",,25000,"Lot 1, 3, 5 & 7, Wisma MUIP,",Jalan Gambut,"Kuantan, Pahang",,25000,,,,,,,,,Eng Yiven,Net 60 days,"30,000.00",.00,MYR,,75
300-P00H,PALOH MEDICAL CENTRE SDN. BHD.,,C4874531060,199101004501 (214811-P),"126, Jalan Tambun, 31400 Ipoh",Perak,,31400,199101004501 (214811-P),"126, Jalan Tambun, 31400 Ipoh",Perak,,31400,,,+6055405555,,,,my.phi.info@pantai.com.my,,,Net 30 days,"30,000.00",.00,MYR,,76
300-P00I,PUSAT PERUBATAN USM BERTAM,,,Universiti Sains Malaysia,Kepala Batas,Pulau Pinang,,13200,Universiti Sains Malaysia,Kepala Batas,Pulau Pinang,,13200,,,,,,,,,Jocelyn Ch'ng Wen Pin,C.O.D.,"30,000.00",.00,MYR,,77
300-P00J,PERINTIS MEDIK S/B,,,"No. 65, Jalan USJ 21/11,","UEP Subang Jaya,",Selangor,,47630,"No. 65, Jalan USJ 21/11,","UEP Subang Jaya,",Selangor,,47630,,,03-8023 9078,,,,account.ar@perintismedik.com,,,C.O.D.,"5,000.00",.00,MYR,,78
300-P00M,KMI KUALA TERENGGANU MEDICAL CENTRE,,,"Level 1, Lot 3963, Jalan Sultan Mahmud,","Kuala Terengganu, Terengganu.",,,20400,"Level 1, Lot 3963, Jalan Sultan Mahmud,","Kuala Terengganu, Terengganu.",,,20400,,,,,,,,,Eng Yiven,Net 60 days,"30,000.00",.00,MYR,,79
300-Q00A,QUILL ORTHOPAEDIC SPECIALIST CENTRE S/B,,,"95, 97 & 99, Jalan Aminuddin Baki,","Taman Tun Dr Ismail, 60000 Wilayah Perse",Wilayah Persekutuan Kuala Lumpur,,60000,"95, 97 & 99, Jalan Aminuddin Baki,","Taman Tun Dr Ismail, 60000 Wilayah Perse",Wilayah Persekutuan Kuala Lumpur,,60000,,,,,,,,,,Net 60 days,"30,000.00",.00,MYR,,80
300-R008,CASH SALES,,,,,,,,,,,,,,,,,,,,,,C.O.D.,"30,000.00",.00,MYR,,81
300-R00A,"ROBOLAB MEDISCIENCE SDN BHD 202301037166
(1531089-A)",202301037166 (1531089-A),C58271083090,"13, Jalan Serambi U8/27",Bukit Jelutong,"Shah Alam, Selangor",,40150,"13, Jalan Serambi U8/27",Bukit Jelutong,"Shah Alam, Selangor",,40150,,,,,,,robolabmediscience@gmail.com,,,C.O.D.,"30,000.00",.00,MYR,,82
300-S008,SPINEORTHO ASSOCIATES S/B (201901022952),,C26015760000,"No.26, Jalan Sultan Nazrin Shah","Ipoh, Perak",,,30250,"No.26, Jalan Sultan Nazrin Shah","Ipoh, Perak",,,30250,,,,,,,finance@quillipohorthopaedic.com,,,Net 30 days,"30,000.00",.00,MYR,,83
300-S00A,SELOKA BAKTI S/B,,C11758779060,"17-1-31, Bayan Point,","Medan Kampung Relau,","MK12, Bayan Lepas",,11900,"17-1-31, Bayan Point,","Medan Kampung Relau,","MK12, Bayan Lepas",,11900,,,+6046467952,,,,selokabakti@gmail.com,,,C.O.D.,"50,000.00",.00,MYR,,84
300-S00B,SJP Medical Centres Sdn Bhd-SJMC (198901004482),,C861485080,"No. 1, Jalan SS12/1A, Ss 12,","47500 Subang Jaya, Selangor",,,47500,"No. 1, Jalan SS12/1A, Ss 12,","47500 Subang Jaya, Selangor",,,47500,,,,,,,noor.azian.mohdzain@rsdhealth.com,,Vivienne Wong Hui Kie,Net 30 days,"50,000.00",.00,MYR,,85
300-S00C,SUNWAY MEDICAL CENTRE PENANG SDN BHD,199201006107,10566227050,199201006107,"3106, Lebuh Tenggiri 2 Seberang Jaya,","13700 Perai, Pulau Pinang",,13700,199201006107,"3106, Lebuh Tenggiri 2 Seberang Jaya,","13700 Perai, Pulau Pinang",,13700,,,+604 3738136,,,,smcp_finance@sunway.com.my,,,Net 30 days,"30,000.00",.00,MYR,,86
300-S00D,"Sunway Medical Centre Sdn. Bhd. 199501012653
(341855-X)",,C1853949010,"Level 10, Menara Sunway,","Jalan Lagoon Timur, Bandar Sunway,","Subang Jaya, Selangor",,47500,"Level 10, Menara Sunway,","Jalan Lagoon Timur, Bandar Sunway,","Subang Jaya, Selangor",,47500,,,+603-7491 9191,,,,mc-ops.procurement@sunway.com.my,,Lim Bao Sen,Net 30 days,"60,000.00",.00,MYR,,87
300-S00E,SUNMED VELOCITY S/B (199001018477),,C5867684080,"Pusat Perubatan Sunway Velocity,",Lingkaran Sunway Velocity,"Sunway Velocity, Kuala Lumpur",,55100,"Pusat Perubatan Sunway Velocity,",Lingkaran Sunway Velocity,"Sunway Velocity, Kuala Lumpur",,55100,,,,,,,,,Eng Yiven,Net 30 days,"50,000.00",.00,MYR,,88
300-S00F,SALAM SEPCIALIST HOSPITAL KUALA TERENGGANU,,,"Lot 4075, Jalan Engku Sar,","Kuala Terengganu,",Terengganu,,20200,"Lot 4075, Jalan Engku Sar,","Kuala Terengganu,",Terengganu,,20200,,,,,,,purc.ktmc@salam.com.my,,Eng Yiven,Net 30 days,"30,000.00",.00,MYR,,89
300-S00G,"SUNWAY MEDICAL CENTRE IPOH S/B
(201901002482)",,C26322402030,"2, Persiaran Sunway, Sunway City","Ipoh, Perak.",,,31150,"2, Persiaran Sunway, Sunway City","Ipoh, Perak.",,,31150,,,,,,,,,Lisa Khor,Net 30 days,"30,000.00",.00,MYR,,90
300-S00I,"Sunway Medical Centre Damansara
(201601002365)",,C24329172080,"No. 2, Jalan PJU 5/1a,","Kota Damansara, PJU 5,","Petaling Jaya, Selangor",,47810,"No. 2, Jalan PJU 5/1a,","Kota Damansara, PJU 5,","Petaling Jaya, Selangor",,47810,,,,,,,,,Lim Bao Sen,Net 30 days,"30,000.00",.00,MYR,,91
300-T00A,THOMSON HOSPITALS S/B,,,No.11,Jalan Teknologi,PJU 5 Kota Damansara,"Petaling Jaya, Selangor",47810,No.11,Jalan Teknologi,PJU 5 Kota Damansara,"Petaling Jaya, Selangor",47810,,,,,,,,,Vivian Lim Wei Wen,Net 60 days,"50,000.00",.00,MYR,,92
300-U00A,UM SPECIALIST CENTRE (UMSC),,,"UMSC Building,","Lot 28, Lorong Universiti,","Lembah Pantai,",Kuala Lumpur.,50603,"UMSC Building,","Lot 28, Lorong Universiti,","Lembah Pantai,",Kuala Lumpur.,50603,,,,,,,,,,Net 60 days,"60,000.00",.00,MYR,,93
300-U00B,USAINS HEALTHCARE S/B,,,Kampus Kesihatan,Universiti Sains Malaysia,Kubang Kerian,,16150,Kampus Kesihatan,Universiti Sains Malaysia,Kubang Kerian,,16150,,,,,,,uhc.syafuan@gmail.com,,Eng Yiven,Net 60 days,"30,000.00",.00,MYR,,94
300-U00C,UMMI SURGICAL S/B (200601003100),,C20672796080,"No.10 (1st Fllor), Jalan Pendaftar U1/54",Temasya Industrial Park,Shah Alam,,40150,"No.10 (1st Fllor), Jalan Pendaftar U1/54",Temasya Industrial Park,Shah Alam,,40150,,,,,,,,,,Net 30 days,"30,000.00",.00,MYR,,95
300-V00A,VERRA SERVICES,003155611-A,,"B-13-13 Tower B Atria Sofo Suites,","Jalan SS22/23, Damansara Jaya,","47400 Petaling Jaya, Selangor",,47400,"B-13-13 Tower B Atria Sofo Suites,","Jalan SS22/23, Damansara Jaya,","47400 Petaling Jaya, Selangor",,47400,,,,,,,info.verraservices@gmail.com,,,Net 60 days,"30,000.00",.00,MYR,,96
300-Z00A,ZENTAVA SUPPLY SDN BHD (202501017600),202501017600,C60038114050,"B4, Taman Saga",Jalan Alor Mengkudu,"Alor Setar, Kedah",,05400,"B4, Taman Saga",Jalan Alor Mengkudu,"Alor Setar, Kedah",,05400,,Cheak Seang,,,,,oicheakseang@gmail.com,,,C.O.D.,"30,000.00",.00,MYR,,97
