Bundle name,Bundle SKU,SKU id ,Standard Quantity,,implant items,Size,Instrument
Bone Graft,BG001,TBGG020405,1,,BioNgraft Granules,5cc,
Bone Graft,BG001,TBGG020410,1,,BioNgraft Granules,10cc,
Bone Graft,BG001,TBGP03,1,,BioNgraft Injectable Putty,3cc,
Bone Graft,BG001,TBGP05,1,,BioNgraft Injectable Putty,5cc,
Bone Graft,BG001,TBGF25804,1,,BioNgraft Flex,25x80x4mm,
Bone Graft,BG001,HC-C4-7.5-D,1,,HC-Chip,7.5cc,
Bone Graft,BG001,7600105,1,,Mastergraft Granules,5cc,
Bone Graft,BG001,7600110,1,,Mastergraft Granules,10cc,
Bone Graft,BG001,T43101INT,1,,Grafton Putty,0.5cc,
Bone Graft,BG001,T43102INT,1,,Grafton Putty,1cc,
Bone Graft,BG001,T43105INT,1,,Grafton Putty,5cc,
Bone Graft,BG001,7510200,1,,Infuse Bone Graft (Small Kit),2.8cc,
Bone Graft,BG001,7510800,1,,Infuse Bone Graft (Large Kit),8cc,
4.0mm KCS set (Insturment),I0009,256120,3,,,,Threaded Pin ⌀1.2mm
4.0mm KCS set (Insturment),I0009,246110,3,,,,Guide Wire ⌀1.2mm
4.0mm KCS set (Insturment),I0009,246150,1,,,,Drill Sleeve ⌀3.0mm
4.0mm KCS set (Insturment),I0009,246140,1,,,,Drill Guide for Guide Wire ⌀1.2mm
4.0mm KCS set (Insturment),I0009,246180,1,,,,Cannulated Drill Bit ⌀3.0mm
4.0mm KCS set (Insturment),I0009,246220,1,,,,Cannulated Countersink
4.0mm KCS set (Insturment),I0009,246130,1,,,,Direct Measuring Device for Guide Wire
4.0mm KCS set (Insturment),I0009,246190,1,,,,Tap ⌀4.0mm
4.0mm KCS set (Insturment),I0009,246200,1,,,,Cannulated Screwdriver
4.0mm KCS set (Insturment),I0009,246210,1,,,,Hex Screwdriver
4.0mm KCS set (Insturment),I0009,246100,1,,,,Cleaning Stylet
4.0mm Cannulated Screw,T0032,31421025,3,,KCS 4.0mm,25mm,
4.0mm Cannulated Screw,T0032,31421030,3,,KCS 4.0mm,30mm,
4.0mm Cannulated Screw,T0032,31421035,3,,KCS 4.0mm,35mm,
4.0mm Cannulated Screw,T0032,31421040,3,,KCS 4.0mm,40mm,
4.0mm Cannulated Screw,T0032,31421045,3,,KCS 4.0mm,45mm,
4.0mm Cannulated Screw,T0032,31421050,3,,KCS 4.0mm,50mm,
4.0mm Cannulated Screw,T0032,31421055,3,,KCS 4.0mm,55mm,
4.0mm Cannulated Screw,T0032,31421060,3,,KCS 4.0mm,60mm,
4.0mm Cannulated Screw,T0032,31421065,3,,KCS 4.0mm,65mm,
4.0mm Cannulated Screw,T0032,31421070,3,,KCS 4.0mm,70mm,
4.0mm Cannulated Screw,T0032,31406000,5,,KCS 7.3mm Washer,,
7.3mm KCS set (Insturment),I0010,241180,1,,,,Allen Key
7.3mm KCS set (Insturment),I0010,241290,1,,,,Pin Wrench
7.3mm KCS set (Insturment),I0010,241210,1,,,,Easyout
7.3mm KCS set (Insturment),I0010,241270,1,,,,Direct Measuring Device for Guide Wire
7.3mm KCS set (Insturment),I0010,241100,1,,,,Cleaning Stylet
7.3mm KCS set (Insturment),I0010,241160,1,,,,Cannulated Drill Bits ⌀5.0mm
7.3mm KCS set (Insturment),I0010,241260,3,,,,Threaded Pin ⌀2.5mm (Short) &
7.3mm KCS set (Insturment),I0010,241250,3,,,,Guide Wire ⌀2.5mm
7.3mm KCS set (Insturment),I0010,241230,1,,,,Cannulated Screwdriver SW4.0 &
7.3mm KCS set (Insturment),I0010,241280,1,,,,Screw Holding Sleeve
7.3mm KCS set (Insturment),I0010,241200,1,,,,Cannulated Countersink
7.3mm KCS set (Insturment),I0010,241190,1,,,,Tap ⌀7.3mm
7.3mm KCS set (Insturment),I0010,241240,1,,,,Hex Screwdriver SW4.0
7.3mm KCS set (Insturment),I0010,241150,1,,,,"Parallel Guide for Guide Wire, adjustable"
7.3mm KCS set (Insturment),I0010,241140,1,,,,Protection Sleeve 10.0 &
7.3mm KCS set (Insturment),I0010,241110,1,,,,Trocar
7.3mm KCS set (Insturment),I0010,241130,1,,,,Protection Sleeve &
7.3mm KCS set (Insturment),I0010,241120,1,,,,Drill Guide ⌀2.5mm
7.3mm KCS set (Insturment),I0010,241220,1,,,,Drill Guide for Multiple Insertion of Guide Wire ⌀2.5mm
7.3mm KCS set (Insturment),I0010,899491,3,,,,Threaded Guide Wire (Long)
7.3mm Cannulated Screw,T0033,31401050,2,,"KCS 7.3mm, 16mm Thread",50mm,
7.3mm Cannulated Screw,T0033,31401055,2,,"KCS 7.3mm, 16mm Thread",55mm,
7.3mm Cannulated Screw,T0033,31401060,2,,"KCS 7.3mm, 16mm Thread",60mm,
7.3mm Cannulated Screw,T0033,31401065,2,,"KCS 7.3mm, 16mm Thread",65mm,
7.3mm Cannulated Screw,T0033,31401070,2,,"KCS 7.3mm, 16mm Thread",70mm,
7.3mm Cannulated Screw,T0033,31401075,2,,"KCS 7.3mm, 16mm Thread",75mm,
7.3mm Cannulated Screw,T0033,31401080,2,,"KCS 7.3mm, 16mm Thread",80mm,
7.3mm Cannulated Screw,T0033,31401085,2,,"KCS 7.3mm, 16mm Thread",85mm,
7.3mm Cannulated Screw,T0033,31401090,2,,"KCS 7.3mm, 16mm Thread",90mm,
7.3mm Cannulated Screw,T0033,31401091,2,,"KCS 7.3mm, 16mm Thread",95mm,
7.3mm Cannulated Screw,T0033,31401092,2,,"KCS 7.3mm, 16mm Thread",100mm,
7.3mm Cannulated Screw,T0033,31401093,2,,"KCS 7.3mm, 16mm Thread",105mm,
7.3mm Cannulated Screw,T0033,31401094,2,,"KCS 7.3mm, 16mm Thread",110mm,
7.3mm Cannulated Screw,T0033,31401095,2,,"KCS 7.3mm, 16mm Thread",115mm,
7.3mm Cannulated Screw,T0033,31401096,2,,"KCS 7.3mm, 16mm Thread",120mm,
7.3mm Cannulated Screw,T0033,31404050,2,,"KCS 7.3mm, 32mm Thread",50mm,
7.3mm Cannulated Screw,T0033,31404055,2,,"KCS 7.3mm, 32mm Thread",55mm,
7.3mm Cannulated Screw,T0033,31404060,2,,"KCS 7.3mm, 32mm Thread",60mm,
7.3mm Cannulated Screw,T0033,31404065,2,,"KCS 7.3mm, 32mm Thread",65mm,
7.3mm Cannulated Screw,T0033,31404070,2,,"KCS 7.3mm, 32mm Thread",70mm,
7.3mm Cannulated Screw,T0033,31404075,2,,"KCS 7.3mm, 32mm Thread",75mm,
7.3mm Cannulated Screw,T0033,31404080,2,,"KCS 7.3mm, 32mm Thread",80mm,
7.3mm Cannulated Screw,T0033,31404085,2,,"KCS 7.3mm, 32mm Thread",85mm,
7.3mm Cannulated Screw,T0033,31404090,2,,"KCS 7.3mm, 32mm Thread",90mm,
7.3mm Cannulated Screw,T0033,31404091,2,,"KCS 7.3mm, 32mm Thread",95mm,
7.3mm Cannulated Screw,T0033,31404092,2,,"KCS 7.3mm, 32mm Thread",100mm,
7.3mm Cannulated Screw,T0033,31404093,2,,"KCS 7.3mm, 32mm Thread",105mm,
7.3mm Cannulated Screw,T0033,31404094,2,,"KCS 7.3mm, 32mm Thread",110mm,
7.3mm Cannulated Screw,T0033,31404095,2,,"KCS 7.3mm, 32mm Thread",115mm,
7.3mm Cannulated Screw,T0033,31404096,2,,"KCS 7.3mm, 32mm Thread",120mm,
7.3mm Cannulated Screw,T0033,31402000,5,,KCS 7.3mm Washer,Washer,
Proximal Femoral Nail Long,T0005,32805017,1,,AR Nail- Short,9.3mm x 170mm,
Proximal Femoral Nail Long,T0005,32805020,1,,AR Nail- Short,9.3mm x 200mm,
Proximal Femoral Nail Long,T0005,32805024,1,,AR Nail- Short,9.3mm x 240mm,
Proximal Femoral Nail Long,T0005,32803017,1,,AR Nail- Short,10mm x 170mm,
Proximal Femoral Nail Long,T0005,32803020,1,,AR Nail- Short,10mm x 200mm,
Proximal Femoral Nail Long,T0005,32803024,1,,AR Nail- Short,10mm x 240mm,
Proximal Femoral Nail Long,T0005,32804017,1,,AR Nail- Short,11mm x 170mm,
Proximal Femoral Nail Long,T0005,32804020,1,,AR Nail- Short,11mm x 200mm,
Proximal Femoral Nail Long,T0005,32804024,1,,AR Nail- Short,11mm x 240mm,
Proximal Femoral Nail Long,T0005,39591117,1,,AR Nail- Short,12mm x 170mm,
Proximal Femoral Nail Long,T0005,39591120,1,,AR Nail- Short,12mm x 200mm,
Proximal Femoral Nail Long,T0005,39591124,1,,AR Nail- Short,12mm x 240mm,
Proximal Femoral Nail Long,T0005,32820134,1,,AR Nail Right,9.5mm x 340mm,
Proximal Femoral Nail Long,T0005,32820136,1,,AR Nail Right,9.5mm x 360mm,
Proximal Femoral Nail Long,T0005,32820138,1,,AR Nail Right,9.5mm x 380mm,
Proximal Femoral Nail Long,T0005,32820140,1,,AR Nail Right,9.5mm x 400mm,
Proximal Femoral Nail Long,T0005,32821132,1,,AR Nail Right,10mm x 320mm,
Proximal Femoral Nail Long,T0005,32821134,1,,AR Nail Right,10mm x 340mm,
Proximal Femoral Nail Long,T0005,32821136,1,,AR Nail Right,10mm x 360mm,
Proximal Femoral Nail Long,T0005,32821138,1,,AR Nail Right,10mm x 380mm,
Proximal Femoral Nail Long,T0005,32821140,1,,AR Nail Right,10mm x 400mm,
Proximal Femoral Nail Long,T0005,32821142,1,,AR Nail Right,10mm x 420mm,
Proximal Femoral Nail Long,T0005,32822132,1,,AR Nail Right,11mm x 320mm,
Proximal Femoral Nail Long,T0005,32822134,1,,AR Nail Right,11mm x 340mm,
Proximal Femoral Nail Long,T0005,32822136,1,,AR Nail Right,11mm x 360mm,
Proximal Femoral Nail Long,T0005,32822138,1,,AR Nail Right,11mm x 380mm,
Proximal Femoral Nail Long,T0005,32822140,1,,AR Nail Right,11mm x 400mm,
Proximal Femoral Nail Long,T0005,32822142,1,,AR Nail Right,11mm x 420mm,
Proximal Femoral Nail Long,T0005,32823134,1,,AR Nail Right,12mm x 340mm,
Proximal Femoral Nail Long,T0005,32823136,1,,AR Nail Right,12mm x 360mm,
Proximal Femoral Nail Long,T0005,32823138,1,,AR Nail Right,12mm x 380mm,
Proximal Femoral Nail Long,T0005,32823140,1,,AR Nail Right,12mm x 400mm,
Proximal Femoral Nail Long,T0005,32820234,1,,AR Nail Left,9.5mm x 340mm,
Proximal Femoral Nail Long,T0005,32820236,1,,AR Nail Left,9.5mm x 360mm,
Proximal Femoral Nail Long,T0005,32820238,1,,AR Nail Left,9.5mm x 380mm,
Proximal Femoral Nail Long,T0005,32820240,1,,AR Nail Left,9.5mm x 400mm,
Proximal Femoral Nail Long,T0005,32821232,1,,AR Nail Left,10mm x 320mm,
Proximal Femoral Nail Long,T0005,32821234,1,,AR Nail Left,10mm x 340mm,
Proximal Femoral Nail Long,T0005,32821236,1,,AR Nail Left,10mm x 360mm,
Proximal Femoral Nail Long,T0005,32821238,1,,AR Nail Left,10mm x 380mm,
Proximal Femoral Nail Long,T0005,32821240,1,,AR Nail Left,10mm x 400mm,
Proximal Femoral Nail Long,T0005,32821242,1,,AR Nail Left,10mm x 420mm,
Proximal Femoral Nail Long,T0005,32822232,1,,AR Nail Left,11mm x 320mm,
Proximal Femoral Nail Long,T0005,32822234,1,,AR Nail Left,11mm x 340mm,
Proximal Femoral Nail Long,T0005,32822236,1,,AR Nail Left,11mm x 360mm,
Proximal Femoral Nail Long,T0005,32822238,1,,AR Nail Left,11mm x 380mm,
Proximal Femoral Nail Long,T0005,32822240,1,,AR Nail Left,11mm x 400mm,
Proximal Femoral Nail Long,T0005,32822242,1,,AR Nail Left,11mm x 420mm,
Proximal Femoral Nail Long,T0005,32823234,1,,AR Nail Left,12mm x 340mm,
Proximal Femoral Nail Long,T0005,32823236,1,,AR Nail Left,12mm x 360mm,
Proximal Femoral Nail Long,T0005,32823238,1,,AR Nail Left,12mm x 380mm,
Proximal Femoral Nail Long,T0005,32823240,1,,AR Nail Left,12mm x 400mm,
Proximal Femoral Nail Long,T0005,269190,1,,Ball Tip Wire,2.5mm,
Proximal Femoral Nail Short,T0004,32805017,1,,AR Nail- Short,9.3mm x 170mm,
Proximal Femoral Nail Short,T0004,32805020,1,,AR Nail- Short,9.3mm x 200mm,
Proximal Femoral Nail Short,T0004,32805024,1,,AR Nail- Short,9.3mm x 240mm,
Proximal Femoral Nail Short,T0004,32803017,1,,AR Nail- Short,10mm x 170mm,
Proximal Femoral Nail Short,T0004,32803020,1,,AR Nail- Short,10mm x 200mm,
Proximal Femoral Nail Short,T0004,32803024,1,,AR Nail- Short,10mm x 240mm,
Proximal Femoral Nail Short,T0004,32804017,1,,AR Nail- Short,11mm x 170mm,
Proximal Femoral Nail Short,T0004,32804020,1,,AR Nail- Short,11mm x 200mm,
Proximal Femoral Nail Short,T0004,32804024,1,,AR Nail- Short,11mm x 240mm,
Proximal Femoral Nail Short,T0004,39591117,1,,AR Nail- Short,12mm x 170mm,
Proximal Femoral Nail Short,T0004,39591120,1,,AR Nail- Short,12mm x 200mm,
Proximal Femoral Nail Short,T0004,39591124,1,,AR Nail- Short,12mm x 240mm,
Neogen AR set (Instruments),I0006,267210,1,,,,Trocar for Drill
Neogen AR set (Instruments),I0006,269370,1,,,,Drill Sleeve ⌀4.3mm
Neogen AR set (Instruments),I0006,267200,2,,,,Drill Sleeve ⌀4.0mm with 
Neogen AR set (Instruments),I0006,267190,2,,,,Outer Sleeve
Neogen AR set (Instruments),I0006,267410,1,,,,Combination Wrench
Neogen AR set (Instruments),I0006,267530,1,,,,Cannulated Awl
Neogen AR set (Instruments),I0006,EVTDB4.0,2,,,,Short Drill Bit ⌀4.0mm
Neogen AR set (Instruments),I0006,EVTDB4.3,2,,,,Short Drill Bit ⌀4.3mm
Neogen AR set (Instruments),I0006,269360,2,,,,Long Drill Bit ⌀4.3mm
Neogen AR set (Instruments),I0006,267340,2,,,,Long Drill Bit ⌀4.0mm
Neogen AR set (Instruments),I0006,267390,3,,,,"Guide Wire ⌀ 3.2mm, Threaded"
Neogen AR set (Instruments),I0006,267220,1,,,,Depth Gauge
Neogen AR set (Instruments),I0006,267560,2,,,,"Guide Wire ⌀ 3.2mm, Non-Threaded"
Neogen AR set (Instruments),I0006,267520,1,,,,Radiographic Ruler
Neogen AR set (Instruments),I0006,269280,2,,,,Reamer Shaft
Neogen AR set (Instruments),I0006,267360,1,,,,Reamer for AR Blade with
Neogen AR set (Instruments),I0006,267400,1,,,,Stopper ⌀10mm
Neogen AR set (Instruments),I0006,267370,1,,,,Cannulated Drill Bit for AR Blade
Neogen AR set (Instruments),I0006,269450,1,,,,Entry Reamer ⌀17mm
Neogen AR set (Instruments),I0006,267470,1,,,,Tissue Protector
Neogen AR set (Instruments),I0006,269430,1,,,,T-Handle with Quick Coupling
Neogen AR set (Instruments),I0006,267180,1,,,,Direct Measuring Device
Neogen AR set (Instruments),I0006,267330,1,,,,Screwdriver Hexagonal
Neogen AR set (Instruments),I0006,269240,1,,,,Guide Wire Holder
Neogen AR set (Instruments),I0006,269460,1,,,,Protection Sleeve
Neogen AR set (Instruments),I0006,267300,1,,,,Extraction Screw for Nail
Neogen AR set (Instruments),I0006,267290,1,,,,Cleaning Stylet
Neogen AR set (Instruments),I0006,269200,1,,,,Reducer
Neogen AR set (Instruments),I0006,267320,1,,,,Extraction Screw for Blade
Neogen AR set (Instruments),I0006,267240,1,,,,"Screwdriver,Hexagonal with Spherical Head"
Neogen AR set (Instruments),I0006,267480,1,,,,Key for AR Blade
Neogen AR set (Instruments),I0006,251620,1,,,,Screwdriver for Tail Cap
Neogen AR set (Instruments),I0006,267260,1,,,,"Screwdriver for Cap, Cannulated"
Neogen AR set (Instruments),I0006,267230,1,,,,Screwdriver for Distal Locking Screw
Neogen AR set (Instruments),I0006,267510,1,,,,Sloted Hammer Guide for AR Blade
Neogen AR set (Instruments),I0006,267120,1,,,,Insertion Connecting Rod &
Neogen AR set (Instruments),I0006,267130,1,,,,Connector
Neogen AR set (Instruments),I0006,050085,1,,,,Reamer Head ⌀8.5
Neogen AR set (Instruments),I0006,050090,1,,,,Reamer Head ⌀9
Neogen AR set (Instruments),I0006,050095,1,,,,Reamer Head ⌀9.5
Neogen AR set (Instruments),I0006,050100,1,,,,Reamer Head ⌀10
Neogen AR set (Instruments),I0006,050105,1,,,,Reamer Head ⌀10.5
Neogen AR set (Instruments),I0006,050110,1,,,,Reamer Head ⌀11
Neogen AR set (Instruments),I0006,050115,1,,,,Reamer Head ⌀11.5
Neogen AR set (Instruments),I0006,050120,1,,,,Reamer Head ⌀12
Neogen AR set (Instruments),I0006,050125,1,,,,Reamer Head ⌀12.5
Neogen AR set (Instruments),I0006,050130,1,,,,Reamer Head ⌀13
Neogen AR set (Instruments),I0006,050135,1,,,,Reamer Head ⌀13.5
Neogen AR set (Instruments),I0006,269400,1,,,,Insertion Handle
Neogen AR set (Instruments),I0006,267150,1,,,,Protection Sleeve for AR Blade
Neogen AR set (Instruments),I0006,267160,1,,,,Trocar Sleeve ⌀3.2
Neogen AR set (Instruments),I0006,267170,1,,,,Trocar  ⌀3.2mm
Neogen AR set (Instruments),I0006,267460,1,,,,Buttress Nut
Neogen AR set (Instruments),I0006,267350,1,,,,Screwdriver for AR Blade
Neogen AR set (Instruments),I0006,269420,1,,,,Connecting Screw
Neogen AR set (Instruments),I0006,267140,1,,,,Bolt for Aiming Arm 130°
Neogen AR set (Instruments),I0006,267450,1,,,,Hammer
Neogen AR set (Instruments),I0006,269440,1,,,,Aiming Arm 130° for Dynamic Locking
Neogen AR set (Instruments),I0006,269410,1,,,,Aiming Arm 130° for Static Locking
Neogen AR set (Instruments),I0006,267310,1,,,,Slotted Hammer
Neogen AR set (Screws),S0006,33112025,3,,Neogen Locking Screws,5.0mm x 26mm,
Neogen AR set (Screws),S0006,33112030,3,,Neogen Locking Screws,5.0mm x 30mm,
Neogen AR set (Screws),S0006,33112035,3,,Neogen Locking Screws,5.0mm x 35mm,
Neogen AR set (Screws),S0006,33112040,3,,Neogen Locking Screws,5.0mm x 40mm,
Neogen AR set (Screws),S0006,33112045,3,,Neogen Locking Screws,5.0mm x 45mm,
Neogen AR set (Screws),S0006,33112050,3,,Neogen Locking Screws,5.0mm x 50mm,
Neogen AR set (Screws),S0006,33112055,2,,Neogen Locking Screws,5.0mm x 55mm,
Neogen AR set (Screws),S0006,33112060,2,,Neogen Locking Screws,5.0mm x 60mm,
Neogen AR set (Screws),S0006,33112065,2,,Neogen Locking Screws,5.0mm x 65mm,
Neogen AR set (Screws),S0006,33112070,2,,Neogen Locking Screws,5.0mm x 70mm,
Neogen AR set (Screws),S0006,32801070,1,,AR Blade,10.3mm x 70mm,
Neogen AR set (Screws),S0006,32801075,1,,AR Blade,10.3mm x 75mm,
Neogen AR set (Screws),S0006,32801080,1,,AR Blade,10.3mm x 80mm,
Neogen AR set (Screws),S0006,32801085,1,,AR Blade,10.3mm x 85mm,
Neogen AR set (Screws),S0006,32801090,1,,AR Blade,10.3mm x 90mm,
Neogen AR set (Screws),S0006,32801091,1,,AR Blade,10.3mm x 95mm,
Neogen AR set (Screws),S0006,32801092,1,,AR Blade,10.3mm x 100mm,
Neogen AR set (Screws),S0006,32801093,1,,AR Blade,10.3mm x 105mm,
Neogen AR set (Screws),S0006,32801094,1,,AR Blade,10.3mm x 110mm,
Neogen AR set (Screws),S0006,32801095,1,,AR Blade,10.3mm x 115mm,
Neogen AR set (Screws),S0006,32801096,1,,AR Blade,10.3mm x 120mm,
Neogen AR set (Screws),S0006,32806000,1,,End Caps- PFN,0mm,
Neogen AR set (Screws),S0006,32806005,1,,End Caps- PFN,5mm,
Neogen AR set (Screws),S0006,32806010,1,,End Caps- PFN,10mm,
Neogen AR set (Screws),S0006,32806015,1,,End Caps- PFN,15mm,
Interlocking Femoral Nail Standard,T0001,33101134,1,,ILN Femur Right,9.5mm x 340mm,
Interlocking Femoral Nail Standard,T0001,33101136,1,,ILN Femur Right,9.5mm x 360mm,
Interlocking Femoral Nail Standard,T0001,33101138,1,,ILN Femur Right,9.5mm x 380mm,
Interlocking Femoral Nail Standard,T0001,33101140,1,,ILN Femur Right,9.5mm x 400mm,
Interlocking Femoral Nail Standard,T0001,33102132,1,,ILN Femur Right,10mm x 320mm,
Interlocking Femoral Nail Standard,T0001,33102134,1,,ILN Femur Right,10mm x 340mm,
Interlocking Femoral Nail Standard,T0001,33102136,1,,ILN Femur Right,10mm x 360mm,
Interlocking Femoral Nail Standard,T0001,33102138,1,,ILN Femur Right,10mm x 380mm,
Interlocking Femoral Nail Standard,T0001,33102140,1,,ILN Femur Right,10mm x 400mm,
Interlocking Femoral Nail Standard,T0001,33102142,1,,ILN Femur Right,10mm x 420mm,
Interlocking Femoral Nail Standard,T0001,33103132,1,,ILN Femur Right,11mm x 320mm,
Interlocking Femoral Nail Standard,T0001,33103134,1,,ILN Femur Right,11mm x 340mm,
Interlocking Femoral Nail Standard,T0001,33103136,1,,ILN Femur Right,11mm x 360mm,
Interlocking Femoral Nail Standard,T0001,33103138,1,,ILN Femur Right,11mm x 380mm,
Interlocking Femoral Nail Standard,T0001,33103140,1,,ILN Femur Right,11mm x 400mm,
Interlocking Femoral Nail Standard,T0001,33103142,1,,ILN Femur Right,11mm x 420mm,
Interlocking Femoral Nail Standard,T0001,33104134,1,,ILN Femur Right,12mm x 340mm,
Interlocking Femoral Nail Standard,T0001,33104136,1,,ILN Femur Right,12mm x 360mm,
Interlocking Femoral Nail Standard,T0001,33104138,1,,ILN Femur Right,12mm x 380mm,
Interlocking Femoral Nail Standard,T0001,33104140,1,,ILN Femur Right,12mm x 400mm,
Interlocking Femoral Nail Standard,T0001,33101234,1,,ILN Femur Left,9.5mm x 340mm,
Interlocking Femoral Nail Standard,T0001,33101236,1,,ILN Femur Left,9.5mm x 360mm,
Interlocking Femoral Nail Standard,T0001,33101238,1,,ILN Femur Left,9.5mm x 380mm,
Interlocking Femoral Nail Standard,T0001,33101240,1,,ILN Femur Left,9.5mm x 400mm,
Interlocking Femoral Nail Standard,T0001,33102232,1,,ILN Femur Left,10mm x 320mm,
Interlocking Femoral Nail Standard,T0001,33102234,1,,ILN Femur Left,10mm x 340mm,
Interlocking Femoral Nail Standard,T0001,33102236,1,,ILN Femur Left,10mm x 360mm,
Interlocking Femoral Nail Standard,T0001,33102238,1,,ILN Femur Left,10mm x 380mm,
Interlocking Femoral Nail Standard,T0001,33102240,1,,ILN Femur Left,10mm x 400mm,
Interlocking Femoral Nail Standard,T0001,33102242,1,,ILN Femur Left,10mm x 420mm,
Interlocking Femoral Nail Standard,T0001,33103232,1,,ILN Femur Left,11mm x 320mm,
Interlocking Femoral Nail Standard,T0001,33103234,1,,ILN Femur Left,11mm x 340mm,
Interlocking Femoral Nail Standard,T0001,33103236,1,,ILN Femur Left,11mm x 360mm,
Interlocking Femoral Nail Standard,T0001,33103238,1,,ILN Femur Left,11mm x 380mm,
Interlocking Femoral Nail Standard,T0001,33103240,1,,ILN Femur Left,11mm x 400mm,
Interlocking Femoral Nail Standard,T0001,33103242,1,,ILN Femur Left,11mm x 420mm,
Interlocking Femoral Nail Standard,T0001,33103244,1,,ILN Femur Left,11mm x 440mm,
Interlocking Femoral Nail Standard,T0001,33104234,1,,ILN Femur Left,12mm x 340mm,
Interlocking Femoral Nail Standard,T0001,33104236,1,,ILN Femur Left,12mm x 360mm,
Interlocking Femoral Nail Standard,T0001,33104238,1,,ILN Femur Left,12mm x 380mm,
Interlocking Femoral Nail Standard,T0001,33104240,1,,ILN Femur Left,12mm x 400mm,
Interlocking Femoral Nail Standard,T0001,269190,1,,Ball Tip Wire,2.5mm,
Interlocking Femoral Nail Recon,T0002,33101134,1,,ILN Femur Right,9.5mm x 340mm,
Interlocking Femoral Nail Recon,T0002,33101136,1,,ILN Femur Right,9.5mm x 360mm,
Interlocking Femoral Nail Recon,T0002,33101138,1,,ILN Femur Right,9.5mm x 380mm,
Interlocking Femoral Nail Recon,T0002,33101140,1,,ILN Femur Right,9.5mm x 400mm,
Interlocking Femoral Nail Recon,T0002,33102132,1,,ILN Femur Right,10mm x 320mm,
Interlocking Femoral Nail Recon,T0002,33102134,1,,ILN Femur Right,10mm x 340mm,
Interlocking Femoral Nail Recon,T0002,33102136,1,,ILN Femur Right,10mm x 360mm,
Interlocking Femoral Nail Recon,T0002,33102138,1,,ILN Femur Right,10mm x 380mm,
Interlocking Femoral Nail Recon,T0002,33102140,1,,ILN Femur Right,10mm x 400mm,
Interlocking Femoral Nail Recon,T0002,33102142,1,,ILN Femur Right,10mm x 420mm,
Interlocking Femoral Nail Recon,T0002,33103132,1,,ILN Femur Right,11mm x 320mm,
Interlocking Femoral Nail Recon,T0002,33103134,1,,ILN Femur Right,11mm x 340mm,
Interlocking Femoral Nail Recon,T0002,33103136,1,,ILN Femur Right,11mm x 360mm,
Interlocking Femoral Nail Recon,T0002,33103138,1,,ILN Femur Right,11mm x 380mm,
Interlocking Femoral Nail Recon,T0002,33103140,1,,ILN Femur Right,11mm x 400mm,
Interlocking Femoral Nail Recon,T0002,33103142,1,,ILN Femur Right,11mm x 420mm,
Interlocking Femoral Nail Recon,T0002,33104134,1,,ILN Femur Right,12mm x 340mm,
Interlocking Femoral Nail Recon,T0002,33104136,1,,ILN Femur Right,12mm x 360mm,
Interlocking Femoral Nail Recon,T0002,33104138,1,,ILN Femur Right,12mm x 380mm,
Interlocking Femoral Nail Recon,T0002,33104140,1,,ILN Femur Right,12mm x 400mm,
Interlocking Femoral Nail Recon,T0002,33101234,1,,ILN Femur Left,9.5mm x 340mm,
Interlocking Femoral Nail Recon,T0002,33101236,1,,ILN Femur Left,9.5mm x 360mm,
Interlocking Femoral Nail Recon,T0002,33101238,1,,ILN Femur Left,9.5mm x 380mm,
Interlocking Femoral Nail Recon,T0002,33101240,1,,ILN Femur Left,9.5mm x 400mm,
Interlocking Femoral Nail Recon,T0002,33102232,1,,ILN Femur Left,10mm x 320mm,
Interlocking Femoral Nail Recon,T0002,33102234,1,,ILN Femur Left,10mm x 340mm,
Interlocking Femoral Nail Recon,T0002,33102236,1,,ILN Femur Left,10mm x 360mm,
Interlocking Femoral Nail Recon,T0002,33102238,1,,ILN Femur Left,10mm x 380mm,
Interlocking Femoral Nail Recon,T0002,33102240,1,,ILN Femur Left,10mm x 400mm,
Interlocking Femoral Nail Recon,T0002,33102242,1,,ILN Femur Left,10mm x 420mm,
Interlocking Femoral Nail Recon,T0002,33103232,1,,ILN Femur Left,11mm x 320mm,
Interlocking Femoral Nail Recon,T0002,33103234,1,,ILN Femur Left,11mm x 340mm,
Interlocking Femoral Nail Recon,T0002,33103236,1,,ILN Femur Left,11mm x 360mm,
Interlocking Femoral Nail Recon,T0002,33103238,1,,ILN Femur Left,11mm x 380mm,
Interlocking Femoral Nail Recon,T0002,33103240,1,,ILN Femur Left,11mm x 400mm,
Interlocking Femoral Nail Recon,T0002,33103242,1,,ILN Femur Left,11mm x 420mm,
Interlocking Femoral Nail Recon,T0002,33103244,1,,ILN Femur Left,11mm x 440mm,
Interlocking Femoral Nail Recon,T0002,33104234,1,,ILN Femur Left,12mm x 340mm,
Interlocking Femoral Nail Recon,T0002,33104236,1,,ILN Femur Left,12mm x 360mm,
Interlocking Femoral Nail Recon,T0002,33104238,1,,ILN Femur Left,12mm x 380mm,
Interlocking Femoral Nail Recon,T0002,33104240,1,,ILN Femur Left,12mm x 400mm,
Interlocking Femoral Nail Recon,T0002,269190,1,,Ball Tip Wire,2.5mm,
Neogen ILN set (Instruments),I0005,899512,1,,,,Trochar
Neogen ILN set (Instruments),I0005,899489,1,,,,Guide Wire Sleeve ⌀2.5mm
Neogen ILN set (Instruments),I0005,899513,1,,,,Drill Sleeve ⌀4.0mm
Neogen ILN set (Instruments),I0005,899514,1,,,,Drill Sleeve ⌀4.3mm
Neogen ILN set (Instruments),I0005,899461,1,,,,Awl
Neogen ILN set (Instruments),I0005,899493,2,,,,Drill Sleeve ⌀6.4mm
Neogen ILN set (Instruments),I0005,050085,1,,,,Reamer Head ⌀8.5
Neogen ILN set (Instruments),I0005,050090,1,,,,Reamer Head ⌀9
Neogen ILN set (Instruments),I0005,050095,1,,,,Reamer Head ⌀9.5
Neogen ILN set (Instruments),I0005,050100,1,,,,Reamer Head ⌀10
Neogen ILN set (Instruments),I0005,050105,1,,,,Reamer Head ⌀10.5
Neogen ILN set (Instruments),I0005,050110,1,,,,Reamer Head ⌀11
Neogen ILN set (Instruments),I0005,050115,1,,,,Reamer Head ⌀11.5
Neogen ILN set (Instruments),I0005,050120,1,,,,Reamer Head ⌀12
Neogen ILN set (Instruments),I0005,050125,1,,,,Reamer Head ⌀12.5
Neogen ILN set (Instruments),I0005,050130,1,,,,Reamer Head ⌀13
Neogen ILN set (Instruments),I0005,050135,1,,,,Reamer Head ⌀13.5
Neogen ILN set (Instruments),I0005,269280,1,,,,Hex Reamer Shaft
Neogen ILN set (Instruments),I0005,899511,2,,,,Outer Drill Sleeve
Neogen ILN set (Instruments),I0005,899515,2,,,,Drill Bit ⌀4.0mm
Neogen ILN set (Instruments),I0005,899517,2,,,,Drill Bit ⌀4.3mm
Neogen ILN set (Instruments),I0005,899491,3,,,,"Guide Wire with Threaded Tip,⌀2.5mm"
Neogen ILN set (Instruments),I0005,899490,3,,,,"Guide Wire,⌀2.5mm"
Neogen ILN set (Instruments),I0005,899497,1,,,,Guide Bolt Wrench Shaft
Neogen ILN set (Instruments),I0005,899498,1,,,,Extractor
Neogen ILN set (Instruments),I0005,899467,1,,,,Allen Key SW3
Neogen ILN set (Instruments),I0005,899469,1,,,,Reducer
Neogen ILN set (Instruments),I0005,899494,1,,,,Drill Bit ⌀6.4mm with
Neogen ILN set (Instruments),I0005,899495,1,,,,"Stopper,⌀6.4mm"
Neogen ILN set (Instruments),I0005,899487,1,,,,Screwdriver for Locking Screws
Neogen ILN set (Instruments),I0005,899488,1,,,,Screwdriver for Locking Screws(Long)
Neogen ILN set (Instruments),I0005,251620,1,,,,Screwdriver for Tail Cap
Neogen ILN set (Instruments),I0005,269380,1,,,,Bolt Wrench SW2.5
Neogen ILN set (Instruments),I0005,899502,1,,,,Impactor
Neogen ILN set (Instruments),I0005,252270,1,,,,Guide Wire Holder
Neogen ILN set (Instruments),I0005,899504,3,,,,Distal Bolt
Neogen ILN set (Instruments),I0005,899503,2,,,,Proximal Bolt
Neogen ILN set (Instruments),I0005,899500,2,,,,Guide Bolt
Neogen ILN set (Instruments),I0005,899464,1,,,,Tissue Protector
Neogen ILN set (Instruments),I0005,899499,1,,,,Insertion Handle
Neogen ILN set (Instruments),I0005,899468,1,,,,T-handle with Quick Coupling
Neogen ILN set (Instruments),I0005,899492,1,,,,Direct Measuring Device for Guide Wires
Neogen ILN set (Instruments),I0005,899484,1,,,,Screw Depth Gauge
Neogen ILN set (Instruments),I0005,267450,1,,,,Hammer
Neogen ILN set (Instruments),I0005,898382,1,,,,Radiographic Ruler
Neogen ILN set (Instruments),I0005,251130,1,,,,Flexible Entry Reamer ⌀12.5mm
Neogen ILN set (Instruments),I0005,EVGP4.0,1,,,,Schanz Pin ⌀4.0mm
Neogen ILN set (Instruments),I0005,EVTDB4.0,2,,,,Trochar Drill Bit ⌀4.0mm
Neogen ILN set (Instruments),I0005,EVTDB4.3,2,,,,Trochar Drill Bit ⌀4.3mm
Neogen ILN set (Instruments),I0005,267520,3,,,,"Guide Wire ⌀ 3.2mm, Threaded"
Neogen ILN set (Instruments),I0005,267220,1,,,,Depth Gauge for Locking Screws
Neogen ILN set (Instruments),I0005,899463,1,,,,Entry Drill Sleeve 
Neogen ILN set (Instruments),I0005,899520,1,,,,Proximal Aiming Bar(Femur)
Neogen ILN set (Instruments),I0005,898128,1,,,,Entry Drill Sleeve &
Neogen ILN set (Instruments),I0005,899526,1,,,,"Proximal Aimiing Bar(Knee), Left"
Neogen ILN set (Instruments),I0005,899527,1,,,,"Proximal Aimiing Bar(Knee), Right"
Neogen ILN set (Instruments),I0005,899531,1,,,,Proximal Aiming Bar (Knee)
Neogen ILN set (Screws),S0005,33112025,3,,Neogen Locking Screws,5.0mm x 26mm,
Neogen ILN set (Screws),S0005,33112030,3,,Neogen Locking Screws,5.0mm x 30mm,
Neogen ILN set (Screws),S0005,33112035,3,,Neogen Locking Screws,5.0mm x 35mm,
Neogen ILN set (Screws),S0005,33112040,3,,Neogen Locking Screws,5.0mm x 40mm,
Neogen ILN set (Screws),S0005,33112045,3,,Neogen Locking Screws,5.0mm x 45mm,
Neogen ILN set (Screws),S0005,33112050,3,,Neogen Locking Screws,5.0mm x 50mm,
Neogen ILN set (Screws),S0005,33112055,2,,Neogen Locking Screws,5.0mm x 55mm,
Neogen ILN set (Screws),S0005,33112060,2,,Neogen Locking Screws,5.0mm x 60mm,
Neogen ILN set (Screws),S0005,33112065,2,,Neogen Locking Screws,5.0mm x 65mm,
Neogen ILN set (Screws),S0005,33112070,2,,Neogen Locking Screws,5.0mm x 70mm,
Neogen ILN set (Screws),S0005,33112075,2,,Neogen Locking Screws,5.0mm x 75mm,
Neogen ILN set (Screws),S0005,33112080,2,,Neogen Locking Screws,5.0mm x 80mm,
Neogen ILN set (Screws),S0005,33112085,2,,Neogen Locking Screws,5.0mm x 85mm,
Neogen ILN set (Screws),S0005,33112090,2,,Neogen Locking Screws,5.0mm x 90mm,
Neogen ILN set (Screws),S0005,33113070,1,,Recon Screw,6.3mm x 70mm,
Neogen ILN set (Screws),S0005,33113075,1,,Recon Screw,6.3mm x 75mm,
Neogen ILN set (Screws),S0005,33113080,1,,Recon Screw,6.3mm x 80mm,
Neogen ILN set (Screws),S0005,33113085,1,,Recon Screw,6.3mm x 85mm,
Neogen ILN set (Screws),S0005,33113090,1,,Recon Screw,6.3mm x 90mm,
Neogen ILN set (Screws),S0005,33113091,1,,Recon Screw,6.3mm x 95mm,
Neogen ILN set (Screws),S0005,33113092,1,,Recon Screw,6.3mm x 100mm,
Neogen ILN set (Screws),S0005,33113093,1,,Recon Screw,6.3mm x 105mm,
Neogen ILN set (Screws),S0005,33110000,1,,Femur End Caps,0mm,
Neogen ILN set (Screws),S0005,33110005,1,,Femur End Caps,5mm,
Neogen ILN set (Screws),S0005,33110010,1,,Femur End Caps,10mm,
Neogen ILN set (Screws),S0005,33110015,1,,Femur End Caps,15mm,
Neogen ILN set (Screws),S0005,33144005,1,,Tibia End Caps,5mm,
Neogen ILN set (Screws),S0005,33144010,1,,Tibia End Caps,10mm,
Neogen ILN set (Screws),S0005,33144015,1,,Tibia End Caps,15mm,
Retrograde Femoral Nail,T0006,33166320,1,,NeoGen Retrograde Nails,10mm x 320mm,
Retrograde Femoral Nail,T0006,33166340,1,,NeoGen Retrograde Nails,10mm x 340mm,
Retrograde Femoral Nail,T0006,33166360,1,,NeoGen Retrograde Nails,10mm x 360mm,
Retrograde Femoral Nail,T0006,33166380,1,,NeoGen Retrograde Nails,10mm x 380mm,
Retrograde Femoral Nail,T0006,33167320,1,,NeoGen Retrograde Nails,11.5mm x 320mm,
Retrograde Femoral Nail,T0006,33167340,1,,NeoGen Retrograde Nails,11.5mm x 340mm,
Retrograde Femoral Nail,T0006,33167360,1,,NeoGen Retrograde Nails,11.5mm x 360mm,
Retrograde Femoral Nail,T0006,33167380,1,,NeoGen Retrograde Nails,11.5mm x 380mm,
Retrograde Femoral Nail,T0006,269190,1,,Ball Tip Wire,2.5mm,
Interlocking Tibial Nail,T0003,33141028,1,,ILN Tibia Nail,9mm x 280mm,
Interlocking Tibial Nail,T0003,33141030,1,,ILN Tibia Nail,9mm x 300mm,
Interlocking Tibial Nail,T0003,33141032,1,,ILN Tibia Nail,9mm x 320mm,
Interlocking Tibial Nail,T0003,33141034,1,,ILN Tibia Nail,9mm x 340mm,
Interlocking Tibial Nail,T0003,33141036,1,,ILN Tibia Nail,9mm x 360mm,
Interlocking Tibial Nail,T0003,33141038,1,,ILN Tibia Nail,9mm x 380mm,
Interlocking Tibial Nail,T0003,33142028,1,,ILN Tibia Nail,10mm x 280mm,
Interlocking Tibial Nail,T0003,33142030,1,,ILN Tibia Nail,10mm x 300mm,
Interlocking Tibial Nail,T0003,33142032,1,,ILN Tibia Nail,10mm x 320mm,
Interlocking Tibial Nail,T0003,33142034,1,,ILN Tibia Nail,10mm x 340mm,
Interlocking Tibial Nail,T0003,33142036,1,,ILN Tibia Nail,10mm x 360mm,
Interlocking Tibial Nail,T0003,33142038,1,,ILN Tibia Nail,10mm x 380mm,
Interlocking Tibial Nail,T0003,33143028,1,,ILN Tibia Nail,11.5mm x 280mm,
Interlocking Tibial Nail,T0003,33143030,1,,ILN Tibia Nail,11.5mm x 300mm,
Interlocking Tibial Nail,T0003,33143032,1,,ILN Tibia Nail,11.5mm x 320mm,
Interlocking Tibial Nail,T0003,33143034,1,,ILN Tibia Nail,11.5mm x 340mm,
Interlocking Tibial Nail,T0003,33143036,1,,ILN Tibia Nail,11.5mm x 360mm,
Interlocking Tibial Nail,T0003,33143038,1,,ILN Tibia Nail,11.5mm x 380mm,
Interlocking Tibial Nail,T0003,269190,1,,Ball Tip Wire,2.5mm,
Neosupra set (Screws),S0007,35062126,1,,Supra Screw 4.3mm,4.3mm x 26mm,
Neosupra set (Screws),S0007,35062130,1,,Supra Screw 4.3mm,4.3mm x 30mm,
Neosupra set (Screws),S0007,35062135,1,,Supra Screw 4.3mm,4.3mm x 35mm,
Neosupra set (Screws),S0007,35062140,1,,Supra Screw 4.3mm,4.3mm x 40mm,
Neosupra set (Screws),S0007,35062145,1,,Supra Screw 4.3mm,4.3mm x 45mm,
Neosupra set (Screws),S0007,35062030,2,,Supra Screw 4.5mm,4.5mm x 30mm,
Neosupra set (Screws),S0007,35062035,2,,Supra Screw 4.5mm,4.5mm x 35mm,
Neosupra set (Screws),S0007,35062040,2,,Supra Screw 4.5mm,4.5mm x 40mm,
Neosupra set (Screws),S0007,35062045,2,,Supra Screw 4.5mm,4.5mm x 45mm,
Neosupra set (Screws),S0007,35062050,2,,Supra Screw 4.5mm,4.5mm x 50mm,
Neosupra set (Screws),S0007,35062055,2,,Supra Screw 4.5mm,4.5mm x 55mm,
Neosupra set (Screws),S0007,36463130,2,,Supra Screw 5.0mm,5.0mm x 30mm,
Neosupra set (Screws),S0007,36463136,2,,Supra Screw 5.0mm,5.0mm x 36mm,
Neosupra set (Screws),S0007,36463140,2,,Supra Screw 5.0mm,5.0mm x 40mm,
Neosupra set (Screws),S0007,36463146,2,,Supra Screw 5.0mm,5.0mm x 46mm,
Neosupra set (Screws),S0007,36463150,2,,Supra Screw 5.0mm,5.0mm x 50mm,
Neosupra set (Screws),S0007,36463155,2,,Supra Screw 5.0mm,5.0mm x 55mm,
Neosupra set (Screws),S0007,36463160,2,,Supra Screw 5.0mm,5.0mm x 60mm,
Neosupra set (Screws),S0007,36463165,2,,Supra Screw 5.0mm,5.0mm x 65mm,
Neosupra set (Screws),S0007,36463170,2,,Supra Screw 5.0mm,5.0mm x 70mm,
Neosupra set (Screws),S0007,35070005,1,,Supra End Cap,12mm,
Neosupra set (Screws),S0007,35070010,1,,Supra End Cap,17mm,
Neosupra set (Screws),S0007,35070015,1,,Supra End Cap,22mm,
Neosupra set (Instruments),I0007,607803,2,,,,Flexible Reamer
Neosupra set (Instruments),I0007,607802,1,,,,Reamer Head ⌀7.0mm
Neosupra set (Instruments),I0007,607806,1,,,,"Reamer Head,Φ7.5mm"
Neosupra set (Instruments),I0007,607807,1,,,,"Reamer Head,Φ8.0mm"
Neosupra set (Instruments),I0007,607808,1,,,,"Reamer Head,Φ8.5mm"
Neosupra set (Instruments),I0007,607809,1,,,,"Reamer Head,Φ9.0mm"
Neosupra set (Instruments),I0007,607810,1,,,,"Reamer Head,Φ9.5mm"
Neosupra set (Instruments),I0007,607811,1,,,,"Reamer Head,Φ10.0mm"
Neosupra set (Instruments),I0007,607812,1,,,,"Reamer Head,Φ10.5mm"
Neosupra set (Instruments),I0007,607813,1,,,,"Reamer Head,Φ11.0mm"
Neosupra set (Instruments),I0007,607814,1,,,,"Reamer Head,Φ11.5mm"
Neosupra set (Instruments),I0007,607815,1,,,,"Reamer Head,Φ12.0mm"
Neosupra set (Instruments),I0007,607845,1,,,,Radiolucent Rod
Neosupra set (Instruments),I0007,607834,2,,,,Trocar
Neosupra set (Instruments),I0007,607833,2,,,,Drill Sleeve
Neosupra set (Instruments),I0007,607832,2,,,,Protection Sleeve
Neosupra set (Instruments),I0007,269240,1,,,,Guide Rod Holder
Neosupra set (Instruments),I0007,607849,2,,,,Guide Wire with Threaded Tip ⌀3.2mm
Neosupra set (Instruments),I0007,607850,2,,,,Guide Wire ⌀3.2mm
Neosupra set (Instruments),I0007,607835,2,,,,Drill Bit ⌀4.1mm
Neosupra set (Instruments),I0007,607836,2,,,,Drill Bit ⌀3.5mm
Neosupra set (Instruments),I0007,607841,1,,,,"Flexible Screwdriver for End Cap,SW4.75"
Neosupra set (Instruments),I0007,607840,2,,,,"Screwdriver for Locking Screw,SW4.75"
Neosupra set (Instruments),I0007,607851,1,,,,AO Coupling Adaptor
Neosupra set (Instruments),I0007,607847,1,,,,Combination Wrench
Neosupra set (Instruments),I0007,607843,1,,,,Extractor
Neosupra set (Instruments),I0007,607848,1,,,,"Allen Key,SW4.75"
Neosupra set (Instruments),I0007,607844,1,,,,Hammer Guide
Neosupra set (Instruments),I0007,607842,1,,,,Combination Hammer
Neosupra set (Instruments),I0007,607839,1,,,,Quick Coupling Handle
Neosupra set (Instruments),I0007,607838,1,,,,Depth Gauge for Locking Screws
Neosupra set (Instruments),I0007,607852,1,,,,Cleaning Stylet
Neosupra set (Instruments),I0007,607434,1,,,,Distal Targeter
Neosupra set (Instruments),I0007,607433,1,,,,Distal Aiming Bar
Neosupra set (Instruments),I0007,607431,1,,,,Thumb Wheel Assembly
Neosupra set (Instruments),I0007,607427,1,,,,Proximal Aiming Bar
Neosupra set (Instruments),I0007,607423,1,,,,Center Sleeve
Neosupra set (Instruments),I0007,607422,1,,,,Entry Portal
Neosupra set (Instruments),I0007,607425,1,,,,Awl ⌀12.5mm
Neosupra set (Instruments),I0007,607430,1,,,,Impactor
Neosupra set (Instruments),I0007,607429,1,,,,Compress Rod
Neosupra set (Instruments),I0007,607424,1,,,,Entry Reamer ⌀12.5mm
Neosupra set (Instruments),I0007,607426,1,,,,Reducer
Neosupra set (Instruments),I0007,607436,2,,,,Drill Bit ⌀3.5mm
Neosupra set (Instruments),I0007,607421,1,,,,Tissue Protector
Neosupra set (Instruments),I0007,607435,1,,,,Position Rod Sleeve
Neosupra set (Instruments),I0007,607437,1,,,,Reamer for Position Hold
Neosupra set (Instruments),I0007,607438,1,,,,Position Rod
Neosupra set (Instruments),I0007,607420,1,,,,Radiographic Rular
Neosupra set (Instruments),I0007,607404,1,,,,Trocar ⌀12.5mm for SPA
Neosupra set (Instruments),I0007,607402,1,,,,Protection Sleeve for SPA
Neosupra set (Instruments),I0007,607410,1,,,,"Extended Rod, Cannulated for SPA"
Neosupra set (Instruments),I0007,607405,1,,,,Center Sleeve for SPA
Neosupra set (Instruments),I0007,607407,1,,,,Proximal Aiming Arm for SPA
Neosupra set (Instruments),I0007,607403,1,,,,Protection Sleeve Handle for SPA
Neosupra set (Instruments),I0007,607409,1,,,,Compression Rod for SPA
Neosupra set (Instruments),I0007,607406,1,,,,Tentry Reamer for SPA ⌀12.5mm
Neosupra set (Instruments),I0007,607836,2,,,,Drill Bits ⌀3.5mm(Short)
Neosupra set (Instruments),I0007,607401,2,,,,Outer Protection Sleeve for SPA
Supra Patella Tibial Nail,T0007,35041028,1,,Supra Tibia Nail,9mm x 280mm,
Supra Patella Tibial Nail,T0007,35041529,1,,Supra Tibia Nail,9mm x 295mm,
Supra Patella Tibial Nail,T0007,35041031,1,,Supra Tibia Nail,9mm x 310mm,
Supra Patella Tibial Nail,T0007,35041532,1,,Supra Tibia Nail,9mm x 325mm,
Supra Patella Tibial Nail,T0007,35041034,1,,Supra Tibia Nail,9mm x 340mm,
Supra Patella Tibial Nail,T0007,35041535,1,,Supra Tibia Nail,9mm x 355mm,
Supra Patella Tibial Nail,T0007,35041037,1,,Supra Tibia Nail,9mm x 370mm,
Supra Patella Tibial Nail,T0007,35041538,1,,Supra Tibia Nail,9mm x 385mm,
Supra Patella Tibial Nail,T0007,35041040,1,,Supra Tibia Nail,9mm x 400mm,
Supra Patella Tibial Nail,T0007,35042028,1,,Supra Tibia Nail,10mm x 280mm,
Supra Patella Tibial Nail,T0007,35042529,1,,Supra Tibia Nail,10mm x 295mm,
Supra Patella Tibial Nail,T0007,35042031,1,,Supra Tibia Nail,10mm x 310mm,
Supra Patella Tibial Nail,T0007,35042532,1,,Supra Tibia Nail,10mm x 325mm,
Supra Patella Tibial Nail,T0007,35042034,1,,Supra Tibia Nail,10mm x 340mm,
Supra Patella Tibial Nail,T0007,35042535,1,,Supra Tibia Nail,10mm x 355mm,
Supra Patella Tibial Nail,T0007,35042037,1,,Supra Tibia Nail,10mm x 370mm,
Supra Patella Tibial Nail,T0007,35042538,1,,Supra Tibia Nail,10mm x 385mm,
Supra Patella Tibial Nail,T0007,35042040,1,,Supra Tibia Nail,10mm x 400mm,
Supra Patella Tibial Nail,T0007,35043028,1,,Supra Tibia Nail,11mm x 280mm,
Supra Patella Tibial Nail,T0007,35043529,1,,Supra Tibia Nail,11mm x 295mm,
Supra Patella Tibial Nail,T0007,35043031,1,,Supra Tibia Nail,11mm x 310mm,
Supra Patella Tibial Nail,T0007,35043532,1,,Supra Tibia Nail,11mm x 325mm,
Supra Patella Tibial Nail,T0007,35043034,1,,Supra Tibia Nail,11mm x 340mm,
Supra Patella Tibial Nail,T0007,35043535,1,,Supra Tibia Nail,11mm x 355mm,
Supra Patella Tibial Nail,T0007,35043037,1,,Supra Tibia Nail,11mm x 370mm,
Supra Patella Tibial Nail,T0007,35043538,1,,Supra Tibia Nail,11mm x 385mm,
Supra Patella Tibial Nail,T0007,35043040,1,,Supra Tibia Nail,11mm x 400mm,
Supra Patella Tibial Nail,T0007,269190,1,,Ball Tip Wire,2.5mm,
Omnail set (Instruments),I0008,608346,1,,,,Set Screw Screwdriver
Omnail set (Instruments),I0008,608371,2,,,,"Screwdriver for Locking Screw,SW4.75"
Omnail set (Instruments),I0008,608348,1,,,,Flexible Screwdriver for End Cap
Omnail set (Instruments),I0008,608392,1,,,,Blade Removal Screwdriver
Omnail set (Instruments),I0008,608373,1,,,,Combination Wrench
Omnail set (Instruments),I0008,607848,1,,,,"Allen Key,SW4.75"
Omnail set (Instruments),I0008,608372,1,,,,Extractor
Omnail set (Instruments),I0008,607844,1,,,,Hammer Guide
Omnail set (Instruments),I0008,608305,1,,,,Awl
Omnail set (Instruments),I0008,292450,1,,,,Hex Screwdriver
Omnail set (Instruments),I0008,608324,1,,,,Connecting Screw Wrench
Omnail set (Instruments),I0008,608302,1,,,,Tissue Protector
Omnail set (Instruments),I0008,201200,1,,,,"Depth Gauge, 80mm"
Omnail set (Instruments),I0008,608384,1,,,,Depth Gauge for Lag Screw
Omnail set (Instruments),I0008,608368,2,,,,Protection Sleeve
Omnail set (Instruments),I0008,608369,2,,,,Drill Sleeve
Omnail set (Instruments),I0008,608370,2,,,,Trocar
Omnail set (Instruments),I0008,607851,1,,,,AO Coupling Adaptor
Omnail set (Instruments),I0008,608388,1,,,,"Lag Screwdriver,Φ10.5mm"
Omnail set (Instruments),I0008,608385,1,,,,"Lag Screw Drill,Φ10.5mm"
Omnail set (Instruments),I0008,608393,1,,,,Drill Stopper(Blue+Silver)
Omnail set (Instruments),I0008,608386,1,,,,"Lag Screw Tap,Φ10.5mm"
Omnail set (Instruments),I0008,608387,1,,,,"Blade Screwdriver ,Φ10.5mm"
Omnail set (Instruments),I0008,608389,1,,,,Compression Dial
Omnail set (Instruments),I0008,608379,1,,,,Guide Clip
Omnail set (Instruments),I0008,608804,2,,,,"Drill Bit,φ4.1mm"
Omnail set (Instruments),I0008,608802,2,,,,Guide Wire with Threaded Tip
Omnail set (Instruments),I0008,608382,1,,,,Anti-rotation Guide Wire Sleeve
Omnail set (Instruments),I0008,608803,1,,,,Depth Gauge for Locking Screws
Omnail set (Instruments),I0008,607852,1,,,,Cleaning Stylet
Omnail set (Instruments),I0008,608380,1,,,,Lag Screw Drill Sleeve
Omnail set (Instruments),I0008,608381,1,,,,Compression Nut for Sleeve
Omnail set (Instruments),I0008,608383,1,,,,Trocar for Lag Screw
Omnail set (Instruments),I0008,608323,2,,,,Connecting Screw
Omnail set (Instruments),I0008,608303,1,,,,Entry Portal
Omnail set (Instruments),I0008,608304,1,,,,Center Sleeve
Omnail set (Instruments),I0008,608320,1,,,,Proximal Aiming Arm
Omnail set (Instruments),I0008,608377,1,,,,Drill Guide Drop
Omnail set (Instruments),I0008,608807,1,,,,Combination Hammer
Omnail set (Instruments),I0008,608801,1,,,,T-Handle
Omnail set (Instruments),I0008,608805,1,,,,Quick Coupling Handle
Omnail set (Instruments),I0008,608312,1,,,,Hollow Reamer
Omnail set (Instruments),I0008,608306,1,,,,"Entry Reamer, φ16.5mm"
Omnail set (Instruments),I0008,608352,1,,,,Universal Wrench
Omnail set (Instruments),I0008,608325,1,,,,Connector for Impactor
Omnail set (Instruments),I0008,608326,1,,,,Impactor
Omnail set (Instruments),I0008,608309,1,,,,Radiographic Ruler
Omnail set (Instruments),I0008,607800,1,,,,Ball Tip Guide Rod
Omnail set (Instruments),I0008,607831,1,,,,Guide Rod Ruler
Omnail set (Instruments),I0008,607803,2,,,,"Flexible Reamer Shaft,Φ 8mm"
Omnail set (Instruments),I0008,608365,1,,,,Position Rod Sleeve
Omnail set (Instruments),I0008,607845,1,,,,Radiolucent Rod
Omnail set (Instruments),I0008,608812,2,,,,"Drill Bit, Ф4.1mm, Short"
Omnail set (Instruments),I0008,608366,1,,,,Reamer for Position Hole
Omnail set (Instruments),I0008,608367,1,,,,Position Rod
Omnail set (Instruments),I0008,607808,1,,,,"Reamer Head,Φ8.5mm"
Omnail set (Instruments),I0008,607809,1,,,,"Reamer Head,Φ9.0mm"
Omnail set (Instruments),I0008,607810,1,,,,"Reamer Head,Φ9.5mm"
Omnail set (Instruments),I0008,607811,1,,,,"Reamer Head,Φ10.0mm"
Omnail set (Instruments),I0008,607812,1,,,,"Reamer Head,Φ10.5mm"
Omnail set (Instruments),I0008,607813,1,,,,"Reamer Head,Φ11.0mm"
Omnail set (Instruments),I0008,607814,1,,,,"Reamer Head,Φ11.5mm"
Omnail set (Instruments),I0008,607815,1,,,,"Reamer Head,Φ12.0mm"
Omnail set (Instruments),I0008,607820,1,,,,"Reamer Head,Φ12.5mm"
Omnail set (Instruments),I0008,607821,1,,,,"Reamer Head,Φ13.0mm"
Omnail set (Instruments),I0008,607822,1,,,,"Reamer Head,Φ13.5mm"
Omnail set (Instruments),I0008,607823,1,,,,"Reamer Head,Φ14.0mm"
Omnail set (Instruments),I0008,607824,1,,,,"Reamer Head,Φ14.5mm"
Omnail set (Instruments),I0008,607825,1,,,,"Reamer Head,Φ15.0mm"
Omnail set (Instruments),I0008,607826,1,,,,"Reamer Head,Φ15.5mm"
Omnail set (Instruments),I0008,607827,1,,,,"Reamer Head,Φ16.0mm"
Omnail set (Instruments),I0008,607432,1,,,,Connection Bolt for Distal Aiming Arm
Omnail set (Instruments),I0008,608806,1,,,,Guide Rod Holder
Omnail set (Instruments),I0008,608361,1,,,,"Thumb Wheel Assembly, Left"
Omnail set (Instruments),I0008,608362,1,,,,"Thumb Wheel Assembly, Right"
Omnail set (Instruments),I0008,608363,1,,,,Distal Aiming Bar
Omnail set (Screws),S0008,36463130,3,,Omnail Screw 5.0mm,5.0mm x 30mm,
Omnail set (Screws),S0008,36463132,3,,Omnail Screw 5.0mm,5.0mm x 32mm,
Omnail set (Screws),S0008,36463134,3,,Omnail Screw 5.0mm,5.0mm x 34mm,
Omnail set (Screws),S0008,36463136,3,,Omnail Screw 5.0mm,5.0mm x 36mm,
Omnail set (Screws),S0008,36463138,3,,Omnail Screw 5.0mm,5.0mm x 38mm,
Omnail set (Screws),S0008,36463140,3,,Omnail Screw 5.0mm,5.0mm x 40mm,
Omnail set (Screws),S0008,36463142,3,,Omnail Screw 5.0mm,5.0mm x 42mm,
Omnail set (Screws),S0008,36463144,3,,Omnail Screw 5.0mm,5.0mm x 44mm,
Omnail set (Screws),S0008,36463146,3,,Omnail Screw 5.0mm,5.0mm x 46mm,
Omnail set (Screws),S0008,36463148,3,,Omnail Screw 5.0mm,5.0mm x 48mm,
Omnail set (Screws),S0008,36463150,3,,Omnail Screw 5.0mm,5.0mm x 50mm,
Omnail set (Screws),S0008,36463155,3,,Omnail Screw 5.0mm,5.0mm x 55mm,
Omnail set (Screws),S0008,36463160,3,,Omnail Screw 5.0mm,5.0mm x 60mm,
Omnail set (Screws),S0008,36463165,3,,Omnail Screw 5.0mm,5.0mm x 65mm,
Omnail set (Screws),S0008,36463170,3,,Omnail Screw 5.0mm,5.0mm x 70mm,
Omnail set (Screws),S0008,36463175,3,,Omnail Screw 5.0mm,5.0mm x 75mm,
Omnail set (Screws),S0008,36473175,1,,Omnail Blade,10.5mm x 75mm,
Omnail set (Screws),S0008,36473180,1,,Omnail Blade,10.5mm x 80mm,
Omnail set (Screws),S0008,36473185,1,,Omnail Blade,10.5mm x 85mm,
Omnail set (Screws),S0008,36473190,1,,Omnail Blade,10.5mm x 90mm,
Omnail set (Screws),S0008,36473195,1,,Omnail Blade,10.5mm x 95mm,
Omnail set (Screws),S0008,36473100,1,,Omnail Blade,10.5mm x 100mm,
Omnail set (Screws),S0008,36473105,1,,Omnail Blade,10.5mm x 105mm,
Omnail set (Screws),S0008,36473110,1,,Omnail Blade,10.5mm x 110mm,
Omnail set (Screws),S0008,36473115,1,,Omnail Blade,10.5mm x 115mm,
Omnail set (Screws),S0008,36474180,1,,Omnail Lag Screw,10.5mm x 80mm,
Omnail set (Screws),S0008,36474185,1,,Omnail Lag Screw,10.5mm x 85mm,
Omnail set (Screws),S0008,36474190,1,,Omnail Lag Screw,10.5mm x 90mm,
Omnail set (Screws),S0008,36474195,1,,Omnail Lag Screw,10.5mm x 95mm,
Omnail set (Screws),S0008,36474100,1,,Omnail Lag Screw,10.5mm x 100mm,
Omnail set (Screws),S0008,36474105,1,,Omnail Lag Screw,10.5mm x 105mm,
Omnail set (Screws),S0008,36474110,1,,Omnail Lag Screw,10.5mm x 110mm,
Omnail set (Screws),S0008,36474115,1,,Omnail Lag Screw,10.5mm x 115mm,
Omnail set (Screws),S0008,36470100,1,,Omnail End Cap,0mm,
Omnail set (Screws),S0008,36470105,1,,Omnail End Cap,5mm,
Omnail set (Screws),S0008,36470110,1,,Omnail End Cap,10mm,
Omnail set (Screws),S0008,36470115,1,,Omnail End Cap,15mm,
Omnail Short,T0008,36432417,1,,Omnail Short,10mm x 170mm,
Omnail Short,T0008,36435417,1,,Omnail Short,11.5mm x 170mm,
Omnail Short,T0008,36432420,1,,Omnail Short,10mm x 170mm,
Omnail Short,T0008,36435420,1,,Omnail Short,11.5mm x 200mm,
Omnail Long,T0009,36430534,1,,Omnail Long- Left,9mm x 340mm,
Omnail Long,T0009,36430536,1,,Omnail Long- Left,9mm x 360mm,
Omnail Long,T0009,36430538,1,,Omnail Long- Left,9mm x 380mm,
Omnail Long,T0009,36430540,1,,Omnail Long- Left,9mm x 400mm,
Omnail Long,T0009,36432532,1,,Omnail Long- Left,10mm x 320mm,
Omnail Long,T0009,36432534,1,,Omnail Long- Left,10mm x 340mm,
Omnail Long,T0009,36432536,1,,Omnail Long- Left,10mm x 360mm,
Omnail Long,T0009,36432538,1,,Omnail Long- Left,10mm x 380mm,
Omnail Long,T0009,36432540,1,,Omnail Long- Left,10mm x 400mm,
Omnail Long,T0009,36432542,1,,Omnail Long- Left,10mm x 420mm,
Omnail Long,T0009,36433532,1,,Omnail Long- Left,11mm x 320mm,
Omnail Long,T0009,36433534,1,,Omnail Long- Left,11mm x 340mm,
Omnail Long,T0009,36433536,1,,Omnail Long- Left,11mm x 360mm,
Omnail Long,T0009,36433538,1,,Omnail Long- Left,11mm x 380mm,
Omnail Long,T0009,36433540,1,,Omnail Long- Left,11mm x 400mm,
Omnail Long,T0009,36433542,1,,Omnail Long- Left,11mm x 420mm,
Omnail Long,T0009,36434534,1,,Omnail Long- Left,12mm x 340mm,
Omnail Long,T0009,36434536,1,,Omnail Long- Left,12mm x 360mm,
Omnail Long,T0009,36434538,1,,Omnail Long- Left,12mm x 380mm,
Omnail Long,T0009,36434540,1,,Omnail Long- Left,12mm x 400mm,
Omnail Long,T0009,36430634,1,,Omnail Long- Right,9mm x 340mm,
Omnail Long,T0009,36430636,1,,Omnail Long- Right,9mm x 360mm,
Omnail Long,T0009,36430638,1,,Omnail Long- Right,9mm x 380mm,
Omnail Long,T0009,36430640,1,,Omnail Long- Right,9mm x 400mm,
Omnail Long,T0009,36432632,1,,Omnail Long- Right,10mm x 320mm,
Omnail Long,T0009,36432634,1,,Omnail Long- Right,10mm x 340mm,
Omnail Long,T0009,36432636,1,,Omnail Long- Right,10mm x 360mm,
Omnail Long,T0009,36432638,1,,Omnail Long- Right,10mm x 380mm,
Omnail Long,T0009,36432640,1,,Omnail Long- Right,10mm x 400mm,
Omnail Long,T0009,36432642,1,,Omnail Long- Right,10mm x 420mm,
Omnail Long,T0009,36433632,1,,Omnail Long- Right,11mm x 320mm,
Omnail Long,T0009,36433634,1,,Omnail Long- Right,11mm x 340mm,
Omnail Long,T0009,36433636,1,,Omnail Long- Right,11mm x 360mm,
Omnail Long,T0009,36433638,1,,Omnail Long- Right,11mm x 380mm,
Omnail Long,T0009,36433640,1,,Omnail Long- Right,11mm x 400mm,
Omnail Long,T0009,36433642,1,,Omnail Long- Right,11mm x 420mm,
Omnail Long,T0009,36434634,1,,Omnail Long- Right,12mm x 340mm,
Omnail Long,T0009,36434636,1,,Omnail Long- Right,12mm x 360mm,
Omnail Long,T0009,36434638,1,,Omnail Long- Right,12mm x 380mm,
Omnail Long,T0009,36434640,1,,Omnail Long- Right,12mm x 400mm,
Omnail Long,T0009,269190,1,,Ball Tip Wire,2.5mm,
Omnail Long,T0009,36432417,1,,Omnail Short,10mm x 170mm,
Omnail Long,T0009,36435417,1,,Omnail Short,11.5mm x 170mm,
Omnail Long,T0009,36432420,1,,Omnail Short,10mm x 170mm,
Omnail Long,T0009,36435420,1,,Omnail Short,11.5mm x 200mm,
Power Tool ,PT001,Handpiece,1,,EVS-H1,,
Power Tool ,PT001,K-wire Attachment,1,,EVS-01,0.8-2mm	,
Power Tool ,PT001,K-wire Attachment,1,,,0.8-2mm	,
Power Tool ,PT001,Jacob Bone Drill,1,,EVS-04,,
Power Tool ,PT001,Small AO Type Bone Drill,1,,EVS-02,,
Power Tool ,PT001,Big AO Type Reamer Drill,1,,EVS-05,,
Power Tool ,PT001,Aesculap Type Reamer Drill,1,,EVS-06,,
Power Tool ,PT001,Stryker Type Acetabular Reaming,1,,EVS-H2,,
Power Tool ,PT001,Sterilization Box,1,,EVS-02,,
Power Tool ,PT001,Battery,1,,,,
Power Tool ,PT001,Battery Casing,1,,EVS-04,,
Power Tool ,PT001,Transfer Kit,1,,EVS-02,,
Power Tool ,PT001,Charger,1,,EVS-05,,
Power Tool ,PT001,key,1,,,,
VA 2.7 mm set (Instruments),I0001,286240,1,,,,Double Drill Guide ⌀2.0/2.7mm
VA 2.7 mm set (Instruments),I0001,292140,1,,,,"Drill Guide, for ⌀2.7mm VA Screw"
VA 2.7 mm set (Instruments),I0001,295130,2,,,,Drill Sleeve for ⌀2.0mm
VA 2.7 mm set (Instruments),I0001,856280,1,,,,Tap ⌀2.7mm
VA 2.7 mm set (Instruments),I0001,EVDGB2.7,1,,,,Drill Bit ⌀2.7mm
VA 2.7 mm set (Instruments),I0001,EVDGB2.1,2,,,,Drill Bit ⌀2.1mm
VA 2.7 mm set (Instruments),I0001,286130,2,,,,Drill Bit ⌀2.0mm
VA 2.7 mm set (Instruments),I0001,286200,1,,,,"Depth Gauge 60mm, ⌀2.7mm"
VA 2.7 mm set (Instruments),I0001,288130,1,,,,"Torx Screwdriver with Quick Coupling, T8"
VA 2.7 mm set (Instruments),I0001,288160,1,,,,Locking Screw Holding Sleeve ⌀2.7mm
VA 2.7 mm set (Instruments),I0001,288170,1,,,,Cortex Screw Holding Sleeve ⌀2.7mm
VA 2.7 mm set (Instruments),I0001,288150,1,,,,"Torque-limiting Screwdriver, T8"
VA 2.7 mm set (Instruments),I0001,287130,1,,,,Straight Screwdriver for Monoloc 2.7mm
VA 2.7 mm set (Instruments),I0001,288140,1,,,,"Screwdriver for Screw Removal, T8"
VA 2.7 mm set (Screws),S0001,34253010,3,,2.7mm Locking Screw Variloc,2.7mm x 10mm,
VA 2.7 mm set (Screws),S0001,34253012,6,,2.7mm Locking Screw Variloc,2.7mm x 12mm,
VA 2.7 mm set (Screws),S0001,34253014,6,,2.7mm Locking Screw Variloc,2.7mm x 14mm,
VA 2.7 mm set (Screws),S0001,34253016,6,,2.7mm Locking Screw Variloc,2.7mm x 16mm,
VA 2.7 mm set (Screws),S0001,34253018,6,,2.7mm Locking Screw Variloc,2.7mm x 18mm,
VA 2.7 mm set (Screws),S0001,34253020,6,,2.7mm Locking Screw Variloc,2.7mm x 20mm,
VA 2.7 mm set (Screws),S0001,34253022,6,,2.7mm Locking Screw Variloc,2.7mm x 22mm,
VA 2.7 mm set (Screws),S0001,34253024,6,,2.7mm Locking Screw Variloc,2.7mm x 24mm,
VA 2.7 mm set (Screws),S0001,34253026,3,,2.7mm Locking Screw Variloc,2.7mm x 26mm,
VA 2.7 mm set (Screws),S0001,34253028,3,,2.7mm Locking Screw Variloc,2.7mm x 28mm,
VA 2.7 mm set (Screws),S0001,34253030,3,,2.7mm Locking Screw Variloc,2.7mm x 30mm,
VA 2.7 mm set (Screws),S0001,31477110,2,,2.7mm VA Locking Screw Variloc,2.7mm x 10mm,
VA 2.7 mm set (Screws),S0001,31477112,2,,2.7mm VA Locking Screw Variloc,2.7mm x 12mm,
VA 2.7 mm set (Screws),S0001,31477114,4,,2.7mm VA Locking Screw Variloc,2.7mm x 14mm,
VA 2.7 mm set (Screws),S0001,31477116,4,,2.7mm VA Locking Screw Variloc,2.7mm x 16mm,
VA 2.7 mm set (Screws),S0001,31477118,4,,2.7mm VA Locking Screw Variloc,2.7mm x 18mm,
VA 2.7 mm set (Screws),S0001,31477120,4,,2.7mm VA Locking Screw Variloc,2.7mm x 20mm,
VA 2.7 mm set (Screws),S0001,31477122,4,,2.7mm VA Locking Screw Variloc,2.7mm x 22mm,
VA 2.7 mm set (Screws),S0001,31477124,4,,2.7mm VA Locking Screw Variloc,2.7mm x 24mm,
VA 2.7 mm set (Screws),S0001,31477126,4,,2.7mm VA Locking Screw Variloc,2.7mm x 26mm,
VA 2.7 mm set (Screws),S0001,31477128,2,,2.7mm VA Locking Screw Variloc,2.7mm x 28mm,
VA 2.7 mm set (Screws),S0001,31477130,2,,2.7mm VA Locking Screw Variloc,2.7mm x 30mm,
VA 2.7 mm set (Screws),S0001,30375012,2,,2.7mm Cortex Screw Variloc,2.7mm x 12mm,
VA 2.7 mm set (Screws),S0001,30375014,2,,2.7mm Cortex Screw Variloc,2.7mm x 14mm,
VA 2.7 mm set (Screws),S0001,30375016,2,,2.7mm Cortex Screw Variloc,2.7mm x 16mm,
VA 2.7 mm set (Screws),S0001,30375018,2,,2.7mm Cortex Screw Variloc,2.7mm x 18mm,
VA 2.7 mm set (Screws),S0001,30375020,2,,2.7mm Cortex Screw Variloc,2.7mm x 20mm,
VA 2.7 mm set (Screws),S0001,30375022,2,,2.7mm Cortex Screw Variloc,2.7mm x 22mm,
VA 2.7 mm set (Screws),S0001,30375024,2,,2.7mm Cortex Screw Variloc,2.7mm x 24mm,
VA 2.7 mm set (Screws),S0001,30375026,2,,2.7mm Cortex Screw Variloc,2.7mm x 26mm,
VA 2.7 mm set (Screws),S0001,30375028,2,,2.7mm Cortex Screw Variloc,2.7mm x 28mm,
VA Distal Lateral Ulna LCP 2.7mm,T0014,24289006,1,,Distal Lateral Ulna LCP,6H,
VA Distal Lateral Ulna LCP 2.7mm,T0014,24289007,1,,Distal Lateral Ulna LCP,7H,
VA Distal Radius Two-Column LCP 2.7mm,T0010,24278102,1,,Distal Radius 2-Column Volar Plate 1,"R,7+2H,PT",
VA Distal Radius Two-Column LCP 2.7mm,T0010,24278103,1,,Distal Radius 2-Column Volar Plate 1,"R,7+3H,PT",
VA Distal Radius Two-Column LCP 2.7mm,T0010,24278202,1,,Distal Radius 2-Column Volar Plate 1,"L,7+2H,PT",
VA Distal Radius Two-Column LCP 2.7mm,T0010,24278203,1,,Distal Radius 2-Column Volar Plate 1,"L,7+3H,PT",
VA Distal Radius Two-Column LCP 2.7mm,T0010,24279102,1,,Distal Radius 2-Column Volar Plate 2,"R,7+2H,PT",
VA Distal Radius Two-Column LCP 2.7mm,T0010,24279103,1,,Distal Radius 2-Column Volar Plate 2,"R,7+3H,PT",
VA Distal Radius Two-Column LCP 2.7mm,T0010,24279202,1,,Distal Radius 2-Column Volar Plate 2,"L,7+2H,PT",
VA Distal Radius Two-Column LCP 2.7mm,T0010,24279203,1,,Distal Radius 2-Column Volar Plate 2,"L,7+3H,PT",
VA Distal Radius Two-Column LCP 2.7mm,T0010,24280102,1,,Distal Radius 2-Column Volar Plate 3,"R,7+2H,PT",
VA Distal Radius Two-Column LCP 2.7mm,T0010,24280103,1,,Distal Radius 2-Column Volar Plate 3,"R,7+3H,PT",
VA Distal Radius Two-Column LCP 2.7mm,T0010,24280202,1,,Distal Radius 2-Column Volar Plate 3,"L,7+2H,PT",
VA Distal Radius Two-Column LCP 2.7mm,T0010,24280203,1,,Distal Radius 2-Column Volar Plate 3,"L,7+3H,PT",
VA Distal Radius Column LCP 2.7mm,T0011,24259103,1,,Distal Radius Volar Column LCP,"R,8+3H,PT",
VA Distal Radius Column LCP 2.7mm,T0011,24259106,1,,Distal Radius Volar Column LCP,"R,8+6H,PT",
VA Distal Radius Column LCP 2.7mm,T0011,24259108,1,,Distal Radius Volar Column LCP,"R,8+8H,PT",
VA Distal Radius Column LCP 2.7mm,T0011,24259110,1,,Distal Radius Volar Column LCP,"R,8+10H,PT",
VA Distal Radius Column LCP 2.7mm,T0011,24259112,1,,Distal Radius Volar Column LCP,"R,8+12H,PT",
VA Distal Radius Column LCP 2.7mm,T0011,24259206,1,,Distal Radius Volar Column LCP,"L,8+6H,PT",
VA Distal Radius Column LCP 2.7mm,T0011,24259208,1,,Distal Radius Volar Column LCP,"L,8+8H,PT",
VA Distal Radius Column LCP 2.7mm,T0011,24259210,1,,Distal Radius Volar Column LCP,"L,8+10H,PT",
VA Distal Radius Column LCP 2.7mm,T0011,24259212,1,,Distal Radius Volar Column LCP,"L,8+12H,PT",
VA Distal Radius Volar Juxta LCP 2.7mm,T0012,24292104,1,,"Distal Radius Volar Juxta , 2.7, R","R,6+4H,PT",
VA Distal Radius Volar Juxta LCP 2.7mm,T0012,24296104,1,,"Distal Radius Volar Juxta , 2.7, R","R,7+4H,PT",
VA Distal Radius Volar Juxta LCP 2.7mm,T0012,26023104,1,,"Distal Radius Volar Juxta , 2.7, R","R,9+4H,PT",
VA Distal Radius Volar Juxta LCP 2.7mm,T0012,24292204,1,,"Distal Radius Volar Juxta , 2.7, L","L,6+4H,PT",
VA Distal Radius Volar Juxta LCP 2.7mm,T0012,24296204,1,,"Distal Radius Volar Juxta , 2.7, L","L,7+4H,PT",
VA Distal Radius Volar Juxta LCP 2.7mm,T0012,26023204,1,,"Distal Radius Volar Juxta , 2.7, L","L9+4H,PT",
VA 3.5 mm set (Instruments),I0003,010010,1,,,,Drill Bit ⌀2.5mm(Short)
VA 3.5 mm set (Instruments),I0003,292230,1,,,,Drill Bit ⌀2.5mm(Long)
VA 3.5 mm set (Instruments),I0003,010030,1,,,,Drill Bit ⌀3.5mm
VA 3.5 mm set (Instruments),I0003,020010,1,,,,Tap ⌀3.5mm
VA 3.5 mm set (Instruments),I0003,787143,1,,,,Depth Gauge 90mm
VA 3.5 mm set (Instruments),I0003,201120,1,,,,Double Drill Guide 2.5/3.5mm
VA 3.5 mm set (Instruments),I0003,292240,3,,,,Drill Sleeve for ⌀2.7mm
VA 3.5 mm set (Instruments),I0003,EVDGB2.7,2,,,,Drill Bit ⌀2.7mm(Long)
VA 3.5 mm set (Instruments),I0003,EVDGB2.7,2,,,,Drill Bit ⌀2.7mm(Long)
VA 3.5 mm set (Instruments),I0003,291290,1,,,,T-handle with Quick Coupling
VA 3.5 mm set (Instruments),I0003,221180,1,,,,Allen Key
VA 3.5 mm set (Instruments),I0003,201170,2,,,,Bone Holding Forceps
VA 3.5 mm set (Instruments),I0003,201190,1,,,,Reduction Forceps with Points
VA 3.5 mm set (Instruments),I0003,292290,1,,,,"Torx Screwdriver with Quick Coupling, T15"
VA 3.5 mm set (Instruments),I0003,292920,1,,,,Straight Screwdriver for Variloc 3.5mm
VA 3.5 mm set (Instruments),I0003,292280,1,,,,"Torque-limiting Screwdriver, T15"
VA 3.5 mm set (Instruments),I0003,292310,1,,,,Locking Screw Holding Sleeve ⌀3.5mm
VA 3.5 mm set (Instruments),I0003,292300,1,,,,"Screwdriver for Screw Removal, T15"
VA 3.5 mm set (Instruments),I0003,292250,1,,,,"Drill Guide, for 3.5mm VA Screw"
VA 3.5 mm set (Instruments),I0003,201180,1,,,,"Reduction Forceps, Serrated Jaws"
VA 3.5 mm set (Screws),S0003,34254010,3,,3.5mm Locking Screw Variloc,3.5mm x 10mm,
VA 3.5 mm set (Screws),S0003,34254012,6,,3.5mm Locking Screw Variloc,3.5mm x 12mm,
VA 3.5 mm set (Screws),S0003,34254014,6,,3.5mm Locking Screw Variloc,3.5mm x 14mm,
VA 3.5 mm set (Screws),S0003,34254015,6,,3.5mm Locking Screw Variloc,3.5mm x 15mm,
VA 3.5 mm set (Screws),S0003,34254016,6,,3.5mm Locking Screw Variloc,3.5mm x 16mm,
VA 3.5 mm set (Screws),S0003,34254018,6,,3.5mm Locking Screw Variloc,3.5mm x 18mm,
VA 3.5 mm set (Screws),S0003,34254020,6,,3.5mm Locking Screw Variloc,3.5mm x 20mm,
VA 3.5 mm set (Screws),S0003,34254022,6,,3.5mm Locking Screw Variloc,3.5mm x 22mm,
VA 3.5 mm set (Screws),S0003,34254024,6,,3.5mm Locking Screw Variloc,3.5mm x 24mm,
VA 3.5 mm set (Screws),S0003,34254025,6,,3.5mm Locking Screw Variloc,3.5mm x 25mm,
VA 3.5 mm set (Screws),S0003,34254026,6,,3.5mm Locking Screw Variloc,3.5mm x 26mm,
VA 3.5 mm set (Screws),S0003,34254028,6,,3.5mm Locking Screw Variloc,3.5mm x 28mm,
VA 3.5 mm set (Screws),S0003,34254030,6,,3.5mm Locking Screw Variloc,3.5mm x 30mm,
VA 3.5 mm set (Screws),S0003,34254032,6,,3.5mm Locking Screw Variloc,3.5mm x 32mm,
VA 3.5 mm set (Screws),S0003,34254034,6,,3.5mm Locking Screw Variloc,3.5mm x 34mm,
VA 3.5 mm set (Screws),S0003,34254035,6,,3.5mm Locking Screw Variloc,3.5mm x 35mm,
VA 3.5 mm set (Screws),S0003,34254036,6,,3.5mm Locking Screw Variloc,3.5mm x 36mm,
VA 3.5 mm set (Screws),S0003,34254038,6,,3.5mm Locking Screw Variloc,3.5mm x 38mm,
VA 3.5 mm set (Screws),S0003,34254040,6,,3.5mm Locking Screw Variloc,3.5mm x 40mm,
VA 3.5 mm set (Screws),S0003,34254045,6,,3.5mm Locking Screw Variloc,3.5mm x 45mm,
VA 3.5 mm set (Screws),S0003,34254050,6,,3.5mm Locking Screw Variloc,3.5mm x 50mm,
VA 3.5 mm set (Screws),S0003,34254055,6,,3.5mm Locking Screw Variloc,3.5mm x 55mm,
VA 3.5 mm set (Screws),S0003,34254060,6,,3.5mm Locking Screw Variloc,3.5mm x 60mm,
VA 3.5 mm set (Screws),S0003,34254065,6,,3.5mm Locking Screw Variloc,3.5mm x 65mm,
VA 3.5 mm set (Screws),S0003,34254070,6,,3.5mm Locking Screw Variloc,3.5mm x 70mm,
VA 3.5 mm set (Screws),S0003,34254075,6,,3.5mm Locking Screw Variloc,3.5mm x 75mm,
VA 3.5 mm set (Screws),S0003,34254080,6,,3.5mm Locking Screw Variloc,3.5mm x 80mm,
VA 3.5 mm set (Screws),S0003,31478122,3,,3.5mm VA Locking Screw Variloc,3.5mm x 22mm,
VA 3.5 mm set (Screws),S0003,31478124,3,,3.5mm VA Locking Screw Variloc,3.5mm x 24mm,
VA 3.5 mm set (Screws),S0003,31478126,3,,3.5mm VA Locking Screw Variloc,3.5mm x 26mm,
VA 3.5 mm set (Screws),S0003,31478128,3,,3.5mm VA Locking Screw Variloc,3.5mm x 28mm,
VA 3.5 mm set (Screws),S0003,31478130,3,,3.5mm VA Locking Screw Variloc,3.5mm x 30mm,
VA 3.5 mm set (Screws),S0003,31478132,3,,3.5mm VA Locking Screw Variloc,3.5mm x 32mm,
VA 3.5 mm set (Screws),S0003,31478134,3,,3.5mm VA Locking Screw Variloc,3.5mm x 34mm,
VA 3.5 mm set (Screws),S0003,31478136,3,,3.5mm VA Locking Screw Variloc,3.5mm x 36mm,
VA 3.5 mm set (Screws),S0003,31478138,3,,3.5mm VA Locking Screw Variloc,3.5mm x 38mm,
VA 3.5 mm set (Screws),S0003,31478140,4,,3.5mm VA Locking Screw Variloc,3.5mm x 40mm,
VA 3.5 mm set (Screws),S0003,31478146,4,,3.5mm VA Locking Screw Variloc,3.5mm x 46mm,
VA 3.5 mm set (Screws),S0003,31478150,4,,3.5mm VA Locking Screw Variloc,3.5mm x 50mm,
VA 3.5 mm set (Screws),S0003,31478156,4,,3.5mm VA Locking Screw Variloc,3.5mm x 56mm,
VA 3.5 mm set (Screws),S0003,31478160,4,,3.5mm VA Locking Screw Variloc,3.5mm x 60mm,
VA 3.5 mm set (Screws),S0003,31478166,4,,3.5mm VA Locking Screw Variloc,3.5mm x 66mm,
VA 3.5 mm set (Screws),S0003,31478170,4,,3.5mm VA Locking Screw Variloc,3.5mm x 70mm,
VA 3.5 mm set (Screws),S0003,31478176,4,,3.5mm VA Locking Screw Variloc,3.5mm x 76mm,
VA 3.5 mm set (Screws),S0003,31478180,4,,3.5mm VA Locking Screw Variloc,3.5mm x 80mm,
VA 3.5 mm set (Screws),S0003,30387012,2,,3.5mm Cortex Screw Variloc,3.5mm x 12mm,
VA 3.5 mm set (Screws),S0003,30387014,2,,3.5mm Cortex Screw Variloc,3.5mm x 14mm,
VA 3.5 mm set (Screws),S0003,30387016,2,,3.5mm Cortex Screw Variloc,3.5mm x 16mm,
VA 3.5 mm set (Screws),S0003,30387018,2,,3.5mm Cortex Screw Variloc,3.5mm x 18mm,
VA 3.5 mm set (Screws),S0003,30387020,2,,3.5mm Cortex Screw Variloc,3.5mm x 20mm,
VA 3.5 mm set (Screws),S0003,30387022,2,,3.5mm Cortex Screw Variloc,3.5mm x 22mm,
VA 3.5 mm set (Screws),S0003,30387024,2,,3.5mm Cortex Screw Variloc,3.5mm x 24mm,
VA 3.5 mm set (Screws),S0003,30387026,2,,3.5mm Cortex Screw Variloc,3.5mm x 26mm,
VA 3.5 mm set (Screws),S0003,30387028,2,,3.5mm Cortex Screw Variloc,3.5mm x 28mm,
VA 3.5 mm set (Screws),S0003,30387030,2,,3.5mm Cortex Screw Variloc,3.5mm x 30mm,
VA 3.5 mm set (Screws),S0003,30387032,2,,3.5mm Cortex Screw Variloc,3.5mm x 32mm,
VA 3.5 mm set (Screws),S0003,30387034,2,,3.5mm Cortex Screw Variloc,3.5mm x 34mm,
VA 3.5 mm set (Screws),S0003,30387036,2,,3.5mm Cortex Screw Variloc,3.5mm x 36mm,
VA 3.5 mm set (Screws),S0003,30387038,2,,3.5mm Cortex Screw Variloc,3.5mm x 38mm,
VA 3.5 mm set (Screws),S0003,30387040,2,,3.5mm Cortex Screw Variloc,3.5mm x 40mm,
VA 3.5 mm set (Screws),S0003,30387045,2,,3.5mm Cortex Screw Variloc,3.5mm x 45mm,
VA 3.5 mm set (Screws),S0003,30387050,2,,3.5mm Cortex Screw Variloc,3.5mm x 50mm,
VA 3.5 mm set (Screws),S0003,30387055,2,,3.5mm Cortex Screw Variloc,3.5mm x 55mm,
VA 3.5 mm set (Screws),S0003,30387060,2,,3.5mm Cortex Screw Variloc,3.5mm x 60mm,
"VA Straight LCP 3.5mm, 4.0mm",T0063,24274006,1,,"Straight LCP 3.5, 4.0mm",6H,
"VA Straight LCP 3.5mm, 4.0mm",T0063,24274008,1,,"Straight LCP 3.5, 4.0mm",8H,
"VA Straight LCP 3.5mm, 4.0mm",T0063,24274010,1,,"Straight LCP 3.5, 4.0mm",10H,
"VA Straight LCP 3.5mm, 4.0mm",T0063,24274012,1,,"Straight LCP 3.5, 4.0mm",12H,
"VA Straight LCP 3.5mm, 4.0mm",T0063,24274014,1,,"Straight LCP 3.5, 4.0mm",14H,
"VA Straight LCP 3.5mm, 4.0mm",T0063,24274016,1,,"Straight LCP 3.5, 4.0mm",16H,
"VA Straight LCP 3.5mm, 3.2mm",T0021,24299006,1,,"Straight LCP 3.5, 3.2mm",6H,
"VA Straight LCP 3.5mm, 3.2mm",T0021,24299008,1,,"Straight LCP 3.5, 3.2mm",8H,
"VA Straight LCP 3.5mm, 3.2mm",T0021,24299010,1,,"Straight LCP 3.5, 3.2mm",10H,
"VA Straight LCP 3.5mm, 3.2mm",T0021,24299012,1,,"Straight LCP 3.5, 3.2mm",12H,
VA 4.5/ 5.0 mm set (Instruments),I0004,226110,3,,,,"Drill Bit, ⌀4.1mm"
VA 4.5/ 5.0 mm set (Instruments),I0004,226200,1,,,,"Torx Screwdriver, with Quick Coupling"
VA 4.5/ 5.0 mm set (Instruments),I0004,206240,1,,,,Trephine
VA 4.5/ 5.0 mm set (Instruments),I0004,020040,1,,,,"Tap, ⌀6.5mm"
VA 4.5/ 5.0 mm set (Instruments),I0004,020030,1,,,,"Tap, ⌀4.5mm"
VA 4.5/ 5.0 mm set (Instruments),I0004,010040,1,,,,"Drill Bit, ⌀4.5mm"
VA 4.5/ 5.0 mm set (Instruments),I0004,010020,1,,,,"Drill Bit, ⌀3.2mm"
VA 4.5/ 5.0 mm set (Instruments),I0004,ZQ3413RN,1,,,,Depth Gauge
VA 4.5/ 5.0 mm set (Instruments),I0004,10737230,3,,,,"K-Wire, ⌀2.0mm"
VA 4.5/ 5.0 mm set (Instruments),I0004,226120,1,,,,"Guide Sleeve for K-Wire, ⌀2.0mm"
VA 4.5/ 5.0 mm set (Instruments),I0004,226190,1,,,,Drill Bit for Screw Head Removal
VA 4.5/ 5.0 mm set (Instruments),I0004,221180,1,,,,Allen Key
VA 4.5/ 5.0 mm set (Instruments),I0004,226170,1,,,,"Extraction Screw, ⌀5.0mm"
VA 4.5/ 5.0 mm set (Instruments),I0004,291720,1,,,,"Drill Guide, for 5.0 VA Screw"
VA 4.5/ 5.0 mm set (Instruments),I0004,226160,1,,,,"Screwdriver, Self Retaining"
VA 4.5/ 5.0 mm set (Instruments),I0004,206110,1,,,,Double Drill Guide 6.5/3.2mm
VA 4.5/ 5.0 mm set (Instruments),I0004,206120,1,,,,Double Drill Guide 4.5/3.2mm
VA 4.5/ 5.0 mm set (Instruments),I0004,206280,1,,,,Hex Screwdriver
VA 4.5/ 5.0 mm set (Instruments),I0004,206300,1,,,,Screw Holding Sleeve for Hex Screw
VA 4.5/ 5.0 mm set (Instruments),I0004,226100,3,,,,Drill Guide 4.1mm
VA 4.5/ 5.0 mm set (Instruments),I0004,030100,1,,,,T-Handle with Quick Coupling
VA 4.5/ 5.0 mm set (Instruments),I0004,206290,1,,,,"Bone Holding Forceps, Self Centering"
VA 4.5/ 5.0 mm set (Instruments),I0004,206150,1,,,,"Reduction Forceps , Serrated Jaws, Large"
VA 4.5/ 5.0 mm set (Instruments),I0004,206160,1,,,,"Reduction Forceps with Points, Large"
VA 4.5/ 5.0 mm set (Instruments),I0004,226151,1,,,,"Torque-Limiting Screwdriver, T25"
VA 4.5/ 5.0 mm set (Instruments),I0004,226140,1,,,,Screw Holding Sleeve for StarDrive Screw
VA 4.5/ 5.0 mm set (Screws),S0004,34255016,3,,5.0mm Locking Screw Variloc,5.0mmx16mm,
VA 4.5/ 5.0 mm set (Screws),S0004,34255018,3,,5.0mm Locking Screw Variloc,5.0mmx18mm,
VA 4.5/ 5.0 mm set (Screws),S0004,34255020,3,,5.0mm Locking Screw Variloc,5.0mmx20mm,
VA 4.5/ 5.0 mm set (Screws),S0004,34255022,3,,5.0mm Locking Screw Variloc,5.0mmx22mm,
VA 4.5/ 5.0 mm set (Screws),S0004,34255024,3,,5.0mm Locking Screw Variloc,5.0mmx24mm,
VA 4.5/ 5.0 mm set (Screws),S0004,34255026,6,,5.0mm Locking Screw Variloc,5.0mmx26mm,
VA 4.5/ 5.0 mm set (Screws),S0004,34255028,6,,5.0mm Locking Screw Variloc,5.0mmx28mm,
VA 4.5/ 5.0 mm set (Screws),S0004,34255030,6,,5.0mm Locking Screw Variloc,5.0mmx30mm,
VA 4.5/ 5.0 mm set (Screws),S0004,34255032,6,,5.0mm Locking Screw Variloc,5.0mmx32mm,
VA 4.5/ 5.0 mm set (Screws),S0004,34255034,6,,5.0mm Locking Screw Variloc,5.0mmx34mm,
VA 4.5/ 5.0 mm set (Screws),S0004,34255036,6,,5.0mm Locking Screw Variloc,5.0mmx36mm,
VA 4.5/ 5.0 mm set (Screws),S0004,34255038,6,,5.0mm Locking Screw Variloc,5.0mmx38mm,
VA 4.5/ 5.0 mm set (Screws),S0004,34255040,6,,5.0mm Locking Screw Variloc,5.0mmx40mm,
VA 4.5/ 5.0 mm set (Screws),S0004,34255045,6,,5.0mm Locking Screw Variloc,5.0mmx45mm,
VA 4.5/ 5.0 mm set (Screws),S0004,34255050,6,,5.0mm Locking Screw Variloc,5.0mmx50mm,
VA 4.5/ 5.0 mm set (Screws),S0004,34255055,6,,5.0mm Locking Screw Variloc,5.0mmx55mm,
VA 4.5/ 5.0 mm set (Screws),S0004,34255060,6,,5.0mm Locking Screw Variloc,5.0mmx60mm,
VA 4.5/ 5.0 mm set (Screws),S0004,34255065,6,,5.0mm Locking Screw Variloc,5.0mmx65mm,
VA 4.5/ 5.0 mm set (Screws),S0004,34255070,6,,5.0mm Locking Screw Variloc,5.0mmx70mm,
VA 4.5/ 5.0 mm set (Screws),S0004,34255075,6,,5.0mm Locking Screw Variloc,5.0mmx75mm,
VA 4.5/ 5.0 mm set (Screws),S0004,34255080,6,,5.0mm Locking Screw Variloc,5.0mmx80mm,
VA 4.5/ 5.0 mm set (Screws),S0004,34255085,6,,5.0mm Locking Screw Variloc,5.0mmx85mm,
VA 4.5/ 5.0 mm set (Screws),S0004,34255090,6,,5.0mm Locking Screw Variloc,5.0mmx90mm,
VA 4.5/ 5.0 mm set (Screws),S0004,34255095,3,,5.0mm Locking Screw Variloc,5.0mmx95mm,
VA 4.5/ 5.0 mm set (Screws),S0004,34255096,3,,5.0mm Locking Screw Variloc,5.0mmx100mm,
VA 4.5/ 5.0 mm set (Screws),S0004,31479155,3,,5.0mm VA Locking Screw Variloc,5.0mmx55mm,
VA 4.5/ 5.0 mm set (Screws),S0004,31479160,3,,5.0mm VA Locking Screw Variloc,5.0mmx60mm,
VA 4.5/ 5.0 mm set (Screws),S0004,31479165,3,,5.0mm VA Locking Screw Variloc,5.0mmx65mm,
VA 4.5/ 5.0 mm set (Screws),S0004,31479170,3,,5.0mm VA Locking Screw Variloc,5.0mmx70mm,
VA 4.5/ 5.0 mm set (Screws),S0004,31479175,3,,5.0mm VA Locking Screw Variloc,5.0mmx75mm,
VA 4.5/ 5.0 mm set (Screws),S0004,31479180,3,,5.0mm VA Locking Screw Variloc,5.0mmx80mm,
VA 4.5/ 5.0 mm set (Screws),S0004,31479185,3,,5.0mm VA Locking Screw Variloc,5.0mmx85mm,
VA 4.5/ 5.0 mm set (Screws),S0004,31479190,3,,5.0mm VA Locking Screw Variloc,5.0mmx90mm,
VA 4.5/ 5.0 mm set (Screws),S0004,31479195,3,,5.0mm VA Locking Screw Variloc,5.0mmx95mm,
VA 4.5/ 5.0 mm set (Screws),S0004,31479196,3,,5.0mm VA Locking Screw Variloc,5.0mmx100mm,
VA 4.5/ 5.0 mm set (Screws),S0004,30386016,2,,4.5mm Cortex Screw Variloc,4.5mmx16mm,
VA 4.5/ 5.0 mm set (Screws),S0004,30386018,2,,4.5mm Cortex Screw Variloc,4.5mmx18mm,
VA 4.5/ 5.0 mm set (Screws),S0004,30386020,2,,4.5mm Cortex Screw Variloc,4.5mmx20mm,
VA 4.5/ 5.0 mm set (Screws),S0004,30386022,2,,4.5mm Cortex Screw Variloc,4.5mmx22mm,
VA 4.5/ 5.0 mm set (Screws),S0004,30386024,2,,4.5mm Cortex Screw Variloc,4.5mmx24mm,
VA 4.5/ 5.0 mm set (Screws),S0004,30386026,2,,4.5mm Cortex Screw Variloc,4.5mmx26mm,
VA 4.5/ 5.0 mm set (Screws),S0004,30386028,2,,4.5mm Cortex Screw Variloc,4.5mmx28mm,
VA 4.5/ 5.0 mm set (Screws),S0004,30386030,2,,4.5mm Cortex Screw Variloc,4.5mmx30mm,
VA 4.5/ 5.0 mm set (Screws),S0004,30386032,2,,4.5mm Cortex Screw Variloc,4.5mmx32mm,
VA 4.5/ 5.0 mm set (Screws),S0004,30386034,2,,4.5mm Cortex Screw Variloc,4.5mmx34mm,
VA 4.5/ 5.0 mm set (Screws),S0004,30386036,2,,4.5mm Cortex Screw Variloc,4.5mmx36mm,
VA 4.5/ 5.0 mm set (Screws),S0004,30386038,2,,4.5mm Cortex Screw Variloc,4.5mmx38mm,
VA 4.5/ 5.0 mm set (Screws),S0004,30386040,2,,4.5mm Cortex Screw Variloc,4.5mmx40mm,
VA 4.5/ 5.0 mm set (Screws),S0004,30386042,2,,4.5mm Cortex Screw Variloc,4.5mmx42mm,
VA 4.5/ 5.0 mm set (Screws),S0004,30386044,2,,4.5mm Cortex Screw Variloc,4.5mmx44mm,
VA 4.5/ 5.0 mm set (Screws),S0004,30386046,2,,4.5mm Cortex Screw Variloc,4.5mmx46mm,
VA 4.5/ 5.0 mm set (Screws),S0004,30386048,2,,4.5mm Cortex Screw Variloc,4.5mmx48mm,
VA 4.5/ 5.0 mm set (Screws),S0004,30386050,2,,4.5mm Cortex Screw Variloc,4.5mmx50mm,
VA 4.5/ 5.0 mm set (Screws),S0004,30386052,2,,4.5mm Cortex Screw Variloc,4.5mmx52mm,
VA 4.5/ 5.0 mm set (Screws),S0004,30386054,2,,4.5mm Cortex Screw Variloc,4.5mmx54mm,
VA 4.5/ 5.0 mm set (Screws),S0004,30386056,2,,4.5mm Cortex Screw Variloc,4.5mmx56mm,
VA 4.5/ 5.0 mm set (Screws),S0004,30386058,2,,4.5mm Cortex Screw Variloc,4.5mmx58mm,
VA 4.5/ 5.0 mm set (Screws),S0004,30386060,2,,4.5mm Cortex Screw Variloc,4.5mmx60mm,
VA 4.5/ 5.0 mm set (Screws),S0004,30386062,2,,4.5mm Cortex Screw Variloc,4.5mmx62mm,
VA 4.5/ 5.0 mm set (Screws),S0004,30386065,2,,4.5mm Cortex Screw Variloc,4.5mmx65mm,
VA 4.5/ 5.0 mm set (Screws),S0004,30386070,2,,4.5mm Cortex Screw Variloc,4.5mmx70mm,
Broad LCP 4.5/5.0mm,T0031,24265009,1,,Straight LCP 4.5/5.0,9H,
Broad LCP 4.5/5.0mm,T0031,24265010,1,,Straight LCP 4.5/5.0,10H,
Broad LCP 4.5/5.0mm,T0031,24265011,1,,Straight LCP 4.5/5.0,11H,
Broad LCP 4.5/5.0mm,T0031,24265012,1,,Straight LCP 4.5/5.0,12H,
Broad LCP 4.5/5.0mm,T0031,24265013,1,,Straight LCP 4.5/5.0,13H,
Broad LCP 4.5/5.0mm,T0031,24265014,1,,Straight LCP 4.5/5.0,14H,
VA 2.7/3.5 mm set (Instruments),I0002,010010,1,,,,Drill Bit ⌀2.5mm(Short)
VA 2.7/3.5 mm set (Instruments),I0002,292230,1,,,,Drill Bit ⌀2.5mm(Long)
VA 2.7/3.5 mm set (Instruments),I0002,010030,1,,,,Drill Bit ⌀3.5mm
VA 2.7/3.5 mm set (Instruments),I0002,020010,1,,,,Tap ⌀3.5mm
VA 2.7/3.5 mm set (Instruments),I0002,020020,1,,,,Tap ⌀4.0mm
VA 2.7/3.5 mm set (Instruments),I0002,201200,1,,,,"Depth Gauge 80mm, ⌀3.5mm"
VA 2.7/3.5 mm set (Instruments),I0002,286200,1,,,,"Depth Gauge 60mm, ⌀2.7mm"
VA 2.7/3.5 mm set (Instruments),I0002,201120,1,,,,Double Drill Guide 2.5/3.5mm
VA 2.7/3.5 mm set (Instruments),I0002,286240,1,,,,Double Drill Guide 2.0/2.7mm
VA 2.7/3.5 mm set (Instruments),I0002,295130,2,,,,Drill Sleeve for ⌀2.0mm
VA 2.7/3.5 mm set (Instruments),I0002,292240,3,,,,Drill Sleeve for ⌀2.7mm
VA 2.7/3.5 mm set (Instruments),I0002,286130,2,,,,Drill Bit ⌀2.0mm
VA 2.7/3.5 mm set (Instruments),I0002,EVDB2.1,2,,,,Drill Bit ⌀2.1mm
VA 2.7/3.5 mm set (Instruments),I0002,EVDB2.7,2,,,,Drill Bit ⌀2.7mm(Long)
VA 2.7/3.5 mm set (Instruments),I0002,286280,1,,,,Tap ⌀2.7mm
VA 2.7/3.5 mm set (Instruments),I0002,EVDB2.7,2,,,,Drill Bit ⌀2.7mm(Long)
VA 2.7/3.5 mm set (Instruments),I0002,291290,1,,,,T-handle with Quick Coupling
VA 2.7/3.5 mm set (Instruments),I0002,221180,1,,,,Allen Key
VA 2.7/3.5 mm set (Instruments),I0002,201170,2,,,,Bone Holding Forceps
VA 2.7/3.5 mm set (Instruments),I0002,201190,1,,,,Reduction Forceps with Points
VA 2.7/3.5 mm set (Instruments),I0002,288130,1,,,,"Torx Screwdriver with Quick Coupling, T8"
VA 2.7/3.5 mm set (Instruments),I0002,288150,1,,,,"Torque-limiting Screwdriver, T8"
VA 2.7/3.5 mm set (Instruments),I0002,292280,1,,,,"Torque-limiting Screwdriver, T15"
VA 2.7/3.5 mm set (Instruments),I0002,292290,1,,,,"Torx Screwdriver with Quick Coupling, T15"
VA 2.7/3.5 mm set (Instruments),I0002,288170,1,,,,Cortex Screw Holding Sleeve ⌀2.7mm
VA 2.7/3.5 mm set (Instruments),I0002,292310,1,,,,Locking Screw Holding Sleeve ⌀3.5mm
VA 2.7/3.5 mm set (Instruments),I0002,287130,1,,,,Straight Screwdriver for Monoloc 2.7mm
VA 2.7/3.5 mm set (Instruments),I0002,292920,1,,,,Straight Screwdriver for Variloc 3.5mm
VA 2.7/3.5 mm set (Instruments),I0002,288140,1,,,,"Screwdriver for Screw Removal, T8"
VA 2.7/3.5 mm set (Instruments),I0002,292300,1,,,,"Screwdriver for Screw Removal, T15"
VA 2.7/3.5 mm set (Instruments),I0002,292250,1,,,,"Drill Guide, for 3.5mm VA Screw"
VA 2.7/3.5 mm set (Instruments),I0002,292140,1,,,,"Drill Guide, for 2.7mm VA Screw"
VA 2.7/3.5 mm set (Instruments),I0002,201180,1,,,,"Reduction Forceps, Serrated Jaws"
VA 2.7/3.5 mm set (Instruments),I0002,201160,2,,,,Bending Iron for 3.5mm LCP
VA 2.7/3.5 mm set (Instruments),I0002,01214,2,,,,Bending Iron for 2.7mm LCP
VA 2.7/3.5 mm set (Instruments),I0002,206270,2,,,,Bending Iron for Recon LCP
VA 2.7/3.5 mm set (Screws),S0002,34253008,3,,2.7mm Locking Screw Variloc,2.7mm x 8mm,
VA 2.7/3.5 mm set (Screws),S0002,34253010,6,,2.7mm Locking Screw Variloc,2.7mm x 10mm,
VA 2.7/3.5 mm set (Screws),S0002,34253012,6,,2.7mm Locking Screw Variloc,2.7mm x 12mm,
VA 2.7/3.5 mm set (Screws),S0002,34253014,6,,2.7mm Locking Screw Variloc,2.7mm x 14mm,
VA 2.7/3.5 mm set (Screws),S0002,34253016,6,,2.7mm Locking Screw Variloc,2.7mm x 16mm,
VA 2.7/3.5 mm set (Screws),S0002,34253018,6,,2.7mm Locking Screw Variloc,2.7mm x 18mm,
VA 2.7/3.5 mm set (Screws),S0002,34253020,6,,2.7mm Locking Screw Variloc,2.7mm x 20mm,
VA 2.7/3.5 mm set (Screws),S0002,34253022,6,,2.7mm Locking Screw Variloc,2.7mm x 22mm,
VA 2.7/3.5 mm set (Screws),S0002,34253024,6,,2.7mm Locking Screw Variloc,2.7mm x 24mm,
VA 2.7/3.5 mm set (Screws),S0002,34253026,6,,2.7mm Locking Screw Variloc,2.7mm x 26mm,
VA 2.7/3.5 mm set (Screws),S0002,34253028,6,,2.7mm Locking Screw Variloc,2.7mm x 28mm,
VA 2.7/3.5 mm set (Screws),S0002,34253030,6,,2.7mm Locking Screw Variloc,2.7mm x 30mm,
VA 2.7/3.5 mm set (Screws),S0002,34253032,6,,2.7mm Locking Screw Variloc,2.7mm x 32mm,
VA 2.7/3.5 mm set (Screws),S0002,34253034,6,,2.7mm Locking Screw Variloc,2.7mm x 34mm,
VA 2.7/3.5 mm set (Screws),S0002,34253036,6,,2.7mm Locking Screw Variloc,2.7mm x 36mm,
VA 2.7/3.5 mm set (Screws),S0002,34253038,6,,2.7mm Locking Screw Variloc,2.7mm x 38mm,
VA 2.7/3.5 mm set (Screws),S0002,34253040,6,,2.7mm Locking Screw Variloc,2.7mm x 40mm,
VA 2.7/3.5 mm set (Screws),S0002,34253042,4,,2.7mm Locking Screw Variloc,2.7mm x 42mm,
VA 2.7/3.5 mm set (Screws),S0002,34253044,4,,2.7mm Locking Screw Variloc,2.7mm x 44mm,
VA 2.7/3.5 mm set (Screws),S0002,34253046,4,,2.7mm Locking Screw Variloc,2.7mm x 46mm,
VA 2.7/3.5 mm set (Screws),S0002,34253048,4,,2.7mm Locking Screw Variloc,2.7mm x 48mm,
VA 2.7/3.5 mm set (Screws),S0002,34253050,4,,2.7mm Locking Screw Variloc,2.7mm x 50mm,
VA 2.7/3.5 mm set (Screws),S0002,34253052,4,,2.7mm Locking Screw Variloc,2.7mm x 52mm,
VA 2.7/3.5 mm set (Screws),S0002,34253054,4,,2.7mm Locking Screw Variloc,2.7mm x 54mm,
VA 2.7/3.5 mm set (Screws),S0002,34253056,4,,2.7mm Locking Screw Variloc,2.7mm x 56mm,
VA 2.7/3.5 mm set (Screws),S0002,34253058,4,,2.7mm Locking Screw Variloc,2.7mm x 58mm,
VA 2.7/3.5 mm set (Screws),S0002,34253060,4,,2.7mm Locking Screw Variloc,2.7mm x 60mm,
VA 2.7/3.5 mm set (Screws),S0002,31477108,2,,2.7mm VA Locking Screw Variloc,2.7mm x 8mm,
VA 2.7/3.5 mm set (Screws),S0002,31477110,2,,2.7mm VA Locking Screw Variloc,2.7mm x 10mm,
VA 2.7/3.5 mm set (Screws),S0002,31477112,2,,2.7mm VA Locking Screw Variloc,2.7mm x 12mm,
VA 2.7/3.5 mm set (Screws),S0002,31477114,6,,2.7mm VA Locking Screw Variloc,2.7mm x 14mm,
VA 2.7/3.5 mm set (Screws),S0002,31477116,6,,2.7mm VA Locking Screw Variloc,2.7mm x 16mm,
VA 2.7/3.5 mm set (Screws),S0002,31477118,6,,2.7mm VA Locking Screw Variloc,2.7mm x 18mm,
VA 2.7/3.5 mm set (Screws),S0002,31477120,6,,2.7mm VA Locking Screw Variloc,2.7mm x 20mm,
VA 2.7/3.5 mm set (Screws),S0002,31477122,6,,2.7mm VA Locking Screw Variloc,2.7mm x 22mm,
VA 2.7/3.5 mm set (Screws),S0002,31477124,6,,2.7mm VA Locking Screw Variloc,2.7mm x 24mm,
VA 2.7/3.5 mm set (Screws),S0002,31477126,6,,2.7mm VA Locking Screw Variloc,2.7mm x 26mm,
VA 2.7/3.5 mm set (Screws),S0002,31477128,6,,2.7mm VA Locking Screw Variloc,2.7mm x 28mm,
VA 2.7/3.5 mm set (Screws),S0002,31477130,6,,2.7mm VA Locking Screw Variloc,2.7mm x 30mm,
VA 2.7/3.5 mm set (Screws),S0002,31477132,4,,2.7mm VA Locking Screw Variloc,2.7mm x 32mm,
VA 2.7/3.5 mm set (Screws),S0002,31477134,4,,2.7mm VA Locking Screw Variloc,2.7mm x 34mm,
VA 2.7/3.5 mm set (Screws),S0002,31477136,4,,2.7mm VA Locking Screw Variloc,2.7mm x 36mm,
VA 2.7/3.5 mm set (Screws),S0002,31477138,4,,2.7mm VA Locking Screw Variloc,2.7mm x 38mm,
VA 2.7/3.5 mm set (Screws),S0002,31477140,3,,2.7mm VA Locking Screw Variloc,2.7mm x 40mm,
VA 2.7/3.5 mm set (Screws),S0002,31477142,3,,2.7mm VA Locking Screw Variloc,2.7mm x 42mm,
VA 2.7/3.5 mm set (Screws),S0002,31477144,3,,2.7mm VA Locking Screw Variloc,2.7mm x 44mm,
VA 2.7/3.5 mm set (Screws),S0002,31477146,3,,2.7mm VA Locking Screw Variloc,2.7mm x 46mm,
VA 2.7/3.5 mm set (Screws),S0002,31477148,3,,2.7mm VA Locking Screw Variloc,2.7mm x 48mm,
VA 2.7/3.5 mm set (Screws),S0002,31477150,3,,2.7mm VA Locking Screw Variloc,2.7mm x 50mm,
VA 2.7/3.5 mm set (Screws),S0002,31477152,3,,2.7mm VA Locking Screw Variloc,2.7mm x 52mm,
VA 2.7/3.5 mm set (Screws),S0002,31477154,3,,2.7mm VA Locking Screw Variloc,2.7mm x 54mm,
VA 2.7/3.5 mm set (Screws),S0002,31477156,3,,2.7mm VA Locking Screw Variloc,2.7mm x 56mm,
VA 2.7/3.5 mm set (Screws),S0002,31477158,3,,2.7mm VA Locking Screw Variloc,2.7mm x 58mm,
VA 2.7/3.5 mm set (Screws),S0002,31477160,3,,2.7mm VA Locking Screw Variloc,2.7mm x 60mm,
VA 2.7/3.5 mm set (Screws),S0002,30375012,2,,2.7mm Cortex Screw Variloc,2.7mm x 12mm,
VA 2.7/3.5 mm set (Screws),S0002,30375014,2,,2.7mm Cortex Screw Variloc,2.7mm x 14mm,
VA 2.7/3.5 mm set (Screws),S0002,30375016,2,,2.7mm Cortex Screw Variloc,2.7mm x 16mm,
VA 2.7/3.5 mm set (Screws),S0002,30375018,2,,2.7mm Cortex Screw Variloc,2.7mm x 18mm,
VA 2.7/3.5 mm set (Screws),S0002,30375020,2,,2.7mm Cortex Screw Variloc,2.7mm x 20mm,
VA 2.7/3.5 mm set (Screws),S0002,30375022,2,,2.7mm Cortex Screw Variloc,2.7mm x 22mm,
VA 2.7/3.5 mm set (Screws),S0002,30375024,2,,2.7mm Cortex Screw Variloc,2.7mm x 24mm,
VA 2.7/3.5 mm set (Screws),S0002,30375026,2,,2.7mm Cortex Screw Variloc,2.7mm x 26mm,
VA 2.7/3.5 mm set (Screws),S0002,30375028,2,,2.7mm Cortex Screw Variloc,2.7mm x 28mm,
VA 2.7/3.5 mm set (Screws),S0002,30375030,2,,2.7mm Cortex Screw Variloc,2.7mm x 30mm,
VA 2.7/3.5 mm set (Screws),S0002,34254010,3,,3.5mm Locking Screw Variloc,3.5mm x 10mm,
VA 2.7/3.5 mm set (Screws),S0002,34254012,6,,3.5mm Locking Screw Variloc,3.5mm x 12mm,
VA 2.7/3.5 mm set (Screws),S0002,34254014,6,,3.5mm Locking Screw Variloc,3.5mm x 14mm,
VA 2.7/3.5 mm set (Screws),S0002,34254016,6,,3.5mm Locking Screw Variloc,3.5mm x 16mm,
VA 2.7/3.5 mm set (Screws),S0002,34254018,6,,3.5mm Locking Screw Variloc,3.5mm x 18mm,
VA 2.7/3.5 mm set (Screws),S0002,34254020,6,,3.5mm Locking Screw Variloc,3.5mm x 20mm,
VA 2.7/3.5 mm set (Screws),S0002,34254022,6,,3.5mm Locking Screw Variloc,3.5mm x 22mm,
VA 2.7/3.5 mm set (Screws),S0002,34254024,6,,3.5mm Locking Screw Variloc,3.5mm x 24mm,
VA 2.7/3.5 mm set (Screws),S0002,34254026,6,,3.5mm Locking Screw Variloc,3.5mm x 26mm,
VA 2.7/3.5 mm set (Screws),S0002,34254028,6,,3.5mm Locking Screw Variloc,3.5mm x 28mm,
VA 2.7/3.5 mm set (Screws),S0002,34254030,6,,3.5mm Locking Screw Variloc,3.5mm x 30mm,
VA 2.7/3.5 mm set (Screws),S0002,34254032,6,,3.5mm Locking Screw Variloc,3.5mm x 32mm,
VA 2.7/3.5 mm set (Screws),S0002,34254034,6,,3.5mm Locking Screw Variloc,3.5mm x 34mm,
VA 2.7/3.5 mm set (Screws),S0002,34254036,6,,3.5mm Locking Screw Variloc,3.5mm x 36mm,
VA 2.7/3.5 mm set (Screws),S0002,34254038,6,,3.5mm Locking Screw Variloc,3.5mm x 38mm,
VA 2.7/3.5 mm set (Screws),S0002,34254040,6,,3.5mm Locking Screw Variloc,3.5mm x 40mm,
VA 2.7/3.5 mm set (Screws),S0002,34254045,6,,3.5mm Locking Screw Variloc,3.5mm x 45mm,
VA 2.7/3.5 mm set (Screws),S0002,34254050,6,,3.5mm Locking Screw Variloc,3.5mm x 50mm,
VA 2.7/3.5 mm set (Screws),S0002,34254055,6,,3.5mm Locking Screw Variloc,3.5mm x 55mm,
VA 2.7/3.5 mm set (Screws),S0002,34254060,6,,3.5mm Locking Screw Variloc,3.5mm x 60mm,
VA 2.7/3.5 mm set (Screws),S0002,34254065,6,,3.5mm Locking Screw Variloc,3.5mm x 65mm,
VA 2.7/3.5 mm set (Screws),S0002,34254070,6,,3.5mm Locking Screw Variloc,3.5mm x 70mm,
VA 2.7/3.5 mm set (Screws),S0002,34254075,6,,3.5mm Locking Screw Variloc,3.5mm x 75mm,
VA 2.7/3.5 mm set (Screws),S0002,34254080,6,,3.5mm Locking Screw Variloc,3.5mm x 80mm,
VA 2.7/3.5 mm set (Screws),S0002,31478122,3,,3.5mm VA Locking Screw Variloc,3.5mm x 22mm,
VA 2.7/3.5 mm set (Screws),S0002,31478124,3,,3.5mm VA Locking Screw Variloc,3.5mm x 24mm,
VA 2.7/3.5 mm set (Screws),S0002,31478126,3,,3.5mm VA Locking Screw Variloc,3.5mm x 26mm,
VA 2.7/3.5 mm set (Screws),S0002,31478128,3,,3.5mm VA Locking Screw Variloc,3.5mm x 28mm,
VA 2.7/3.5 mm set (Screws),S0002,31478130,3,,3.5mm VA Locking Screw Variloc,3.5mm x 30mm,
VA 2.7/3.5 mm set (Screws),S0002,31478132,3,,3.5mm VA Locking Screw Variloc,3.5mm x 32mm,
VA 2.7/3.5 mm set (Screws),S0002,31478134,3,,3.5mm VA Locking Screw Variloc,3.5mm x 34mm,
VA 2.7/3.5 mm set (Screws),S0002,31478136,3,,3.5mm VA Locking Screw Variloc,3.5mm x 36mm,
VA 2.7/3.5 mm set (Screws),S0002,31478138,3,,3.5mm VA Locking Screw Variloc,3.5mm x 38mm,
VA 2.7/3.5 mm set (Screws),S0002,31478140,4,,3.5mm VA Locking Screw Variloc,3.5mm x 40mm,
VA 2.7/3.5 mm set (Screws),S0002,31478146,4,,3.5mm VA Locking Screw Variloc,3.5mm x 46mm,
VA 2.7/3.5 mm set (Screws),S0002,31478150,4,,3.5mm VA Locking Screw Variloc,3.5mm x 50mm,
VA 2.7/3.5 mm set (Screws),S0002,31478156,4,,3.5mm VA Locking Screw Variloc,3.5mm x 56mm,
VA 2.7/3.5 mm set (Screws),S0002,31478160,4,,3.5mm VA Locking Screw Variloc,3.5mm x 60mm,
VA 2.7/3.5 mm set (Screws),S0002,31478166,4,,3.5mm VA Locking Screw Variloc,3.5mm x 66mm,
VA 2.7/3.5 mm set (Screws),S0002,31478170,4,,3.5mm VA Locking Screw Variloc,3.5mm x 70mm,
VA 2.7/3.5 mm set (Screws),S0002,31478176,4,,3.5mm VA Locking Screw Variloc,3.5mm x 76mm,
VA 2.7/3.5 mm set (Screws),S0002,31478180,4,,3.5mm VA Locking Screw Variloc,3.5mm x 80mm,
VA 2.7/3.5 mm set (Screws),S0002,30387012,2,,3.5mm Cortex Screw Variloc,3.5mm x 12mm,
VA 2.7/3.5 mm set (Screws),S0002,30387014,2,,3.5mm Cortex Screw Variloc,3.5mm x 14mm,
VA 2.7/3.5 mm set (Screws),S0002,30387016,2,,3.5mm Cortex Screw Variloc,3.5mm x 16mm,
VA 2.7/3.5 mm set (Screws),S0002,30387018,2,,3.5mm Cortex Screw Variloc,3.5mm x 18mm,
VA 2.7/3.5 mm set (Screws),S0002,30387020,2,,3.5mm Cortex Screw Variloc,3.5mm x 20mm,
VA 2.7/3.5 mm set (Screws),S0002,30387022,2,,3.5mm Cortex Screw Variloc,3.5mm x 22mm,
VA 2.7/3.5 mm set (Screws),S0002,30387024,2,,3.5mm Cortex Screw Variloc,3.5mm x 24mm,
VA 2.7/3.5 mm set (Screws),S0002,30387026,2,,3.5mm Cortex Screw Variloc,3.5mm x 26mm,
VA 2.7/3.5 mm set (Screws),S0002,30387028,2,,3.5mm Cortex Screw Variloc,3.5mm x 28mm,
VA 2.7/3.5 mm set (Screws),S0002,30387030,2,,3.5mm Cortex Screw Variloc,3.5mm x 30mm,
VA 2.7/3.5 mm set (Screws),S0002,30387032,2,,3.5mm Cortex Screw Variloc,3.5mm x 32mm,
VA 2.7/3.5 mm set (Screws),S0002,30387034,2,,3.5mm Cortex Screw Variloc,3.5mm x 34mm,
VA 2.7/3.5 mm set (Screws),S0002,30387036,2,,3.5mm Cortex Screw Variloc,3.5mm x 36mm,
VA 2.7/3.5 mm set (Screws),S0002,30387038,2,,3.5mm Cortex Screw Variloc,3.5mm x 38mm,
VA 2.7/3.5 mm set (Screws),S0002,30387040,2,,3.5mm Cortex Screw Variloc,3.5mm x 40mm,
VA 2.7/3.5 mm set (Screws),S0002,30387045,2,,3.5mm Cortex Screw Variloc,3.5mm x 45mm,
VA 2.7/3.5 mm set (Screws),S0002,30387050,2,,3.5mm Cortex Screw Variloc,3.5mm x 50mm,
VA 2.7/3.5 mm set (Screws),S0002,30387055,2,,3.5mm Cortex Screw Variloc,3.5mm x 55mm,
VA 2.7/3.5 mm set (Screws),S0002,30387060,2,,3.5mm Cortex Screw Variloc,3.5mm x 60mm,
VA Clavicle Hook LCP 2.7/3.5mm,T0015,24282203,1,,Clavicle Hook Plate,"12mm,L,3+3H",
VA Clavicle Hook LCP 2.7/3.5mm,T0015,24282103,1,,Clavicle Hook Plate,"12mm,R,3+3H",
VA Clavicle Hook LCP 2.7/3.5mm,T0015,24282105,1,,Clavicle Hook Plate,"12mm,R,3+5H",
VA Clavicle Hook LCP 2.7/3.5mm,T0015,24282205,1,,Clavicle Hook Plate,"12mm,L,3+5H",
VA Clavicle Hook LCP 2.7/3.5mm,T0015,24281104,1,,Clavicle Hook Plate,"15mm,R,3+4H",
VA Clavicle Hook LCP 2.7/3.5mm,T0015,24281106,1,,Clavicle Hook Plate,"15mm,R,3+6H",
VA Clavicle Hook LCP 2.7/3.5mm,T0015,24281204,1,,Clavicle Hook Plate,"15mm,L,3+4H",
VA Clavicle Hook LCP 2.7/3.5mm,T0015,24281206,1,,Clavicle Hook Plate,"15mm,L,3+6H",
VA Clavicle Hook LCP 2.7/3.5mm,T0015,24283104,1,,Clavicle Hook Plate,"18mm,R,3+4H",
VA Clavicle Hook LCP 2.7/3.5mm,T0015,24283106,1,,Clavicle Hook Plate,"18mm,R,3+6H",
VA Clavicle Hook LCP 2.7/3.5mm,T0015,24283204,1,,Clavicle Hook Plate,"18mm,L,3+4H",
VA Clavicle Hook LCP 2.7/3.5mm,T0015,24283206,1,,Clavicle Hook Plate,"18mm,L,3+6H",
VA Anterolateral Clavicle LCP 2.7/3.5mm,T0017,24258111,1,,Distal Clavicle LCP,"R,7+4H",
VA Anterolateral Clavicle LCP 2.7/3.5mm,T0017,24258113,1,,Distal Clavicle LCP,"R,7+6H",
VA Anterolateral Clavicle LCP 2.7/3.5mm,T0017,24258115,1,,Distal Clavicle LCP,"R,7+8H",
VA Anterolateral Clavicle LCP 2.7/3.5mm,T0017,24258211,1,,Distal Clavicle LCP,"L,7+4H",
VA Anterolateral Clavicle LCP 2.7/3.5mm,T0017,24258213,1,,Distal Clavicle LCP,"L,7+6H",
VA Anterolateral Clavicle LCP 2.7/3.5mm,T0017,24258215,1,,Distal Clavicle LCP,"L,7+8H",
VA Distal Medial Humerus LCP 2.7/3.5mm,T0019,24223103,1,,Distal Medial Humerus LCP,"R,3+3H",
VA Distal Medial Humerus LCP 2.7/3.5mm,T0019,24223105,1,,Distal Medial Humerus LCP,"R,3+5H",
VA Distal Medial Humerus LCP 2.7/3.5mm,T0019,24223107,1,,Distal Medial Humerus LCP,"R,3+7H",
VA Distal Medial Humerus LCP 2.7/3.5mm,T0019,24223109,1,,Distal Medial Humerus LCP,"R,3+9H",
VA Distal Medial Humerus LCP 2.7/3.5mm,T0019,24223114,1,,Distal Medial Humerus LCP,"R,3+14H",
VA Distal Medial Humerus LCP 2.7/3.5mm,T0019,24223203,1,,Distal Medial Humerus LCP,"L,3+3H",
VA Distal Medial Humerus LCP 2.7/3.5mm,T0019,24223205,1,,Distal Medial Humerus LCP,"L,3+5H",
VA Distal Medial Humerus LCP 2.7/3.5mm,T0019,24223207,1,,Distal Medial Humerus LCP,"L,3+7H",
VA Distal Medial Humerus LCP 2.7/3.5mm,T0019,24223209,1,,Distal Medial Humerus LCP,"L,3+9H",
VA Distal Medial Humerus LCP 2.7/3.5mm,T0019,24223214,1,,Distal Medial Humerus LCP,"L,3+14H",
VA Distal Dorsal Lateral Humerus LCP 2.7/3.5mm,T0020,24291103,1,,Distal Dorsal Humerus LCP,"R,6+3H",
VA Distal Dorsal Lateral Humerus LCP 2.7/3.5mm,T0020,24291105,1,,Distal Dorsal Humerus LCP,"R,6+5H",
VA Distal Dorsal Lateral Humerus LCP 2.7/3.5mm,T0020,24291107,1,,Distal Dorsal Humerus LCP,"R,6+7H",
VA Distal Dorsal Lateral Humerus LCP 2.7/3.5mm,T0020,24291109,1,,Distal Dorsal Humerus LCP,"R,6+9H",
VA Distal Dorsal Lateral Humerus LCP 2.7/3.5mm,T0020,24291114,1,,Distal Dorsal Humerus LCP,"R,6+14H",
VA Distal Dorsal Lateral Humerus LCP 2.7/3.5mm,T0020,24291203,1,,Distal Dorsal Humerus LCP,"L,6+3H",
VA Distal Dorsal Lateral Humerus LCP 2.7/3.5mm,T0020,24291205,1,,Distal Dorsal Humerus LCP,"L,6+5H",
VA Distal Dorsal Lateral Humerus LCP 2.7/3.5mm,T0020,24291207,1,,Distal Dorsal Humerus LCP,"L,6+7H",
VA Distal Dorsal Lateral Humerus LCP 2.7/3.5mm,T0020,24291209,1,,Distal Dorsal Humerus LCP,"L,6+9H",
VA Distal Dorsal Lateral Humerus LCP 2.7/3.5mm,T0020,24291214,1,,Distal Dorsal Humerus LCP,"L,6+14H",
VA Distal Femoral LCP 4.5/5.0mm,T0029,24260105,1,,Distal Lateral Femoral LCP 5.0 (Variloc),"Right, 5H",
VA Distal Femoral LCP 4.5/5.0mm,T0029,24260107,1,,Distal Lateral Femoral LCP 5.0 (Variloc),"Right, 7H",
VA Distal Femoral LCP 4.5/5.0mm,T0029,24260109,1,,Distal Lateral Femoral LCP 5.0 (Variloc),"Right, 9H",
VA Distal Femoral LCP 4.5/5.0mm,T0029,24260111,1,,Distal Lateral Femoral LCP 5.0 (Variloc),"Right, 11H",
VA Distal Femoral LCP 4.5/5.0mm,T0029,24260113,1,,Distal Lateral Femoral LCP 5.0 (Variloc),"Right, 13H",
VA Distal Femoral LCP 4.5/5.0mm,T0029,24260205,1,,Distal Lateral Femoral LCP 5.0 (Variloc),"Left, 5H",
VA Distal Femoral LCP 4.5/5.0mm,T0029,24260207,1,,Distal Lateral Femoral LCP 5.0 (Variloc),"Left, 7H",
VA Distal Femoral LCP 4.5/5.0mm,T0029,24260209,1,,Distal Lateral Femoral LCP 5.0 (Variloc),"Left, 9H",
VA Distal Femoral LCP 4.5/5.0mm,T0029,24260211,1,,Distal Lateral Femoral LCP 5.0 (Variloc),"Left, 11H",
VA Distal Femoral LCP 4.5/5.0mm,T0029,24260213,1,,Distal Lateral Femoral LCP 5.0 (Variloc),"Left, 13H",
VA Distal Fibular LCP 2.7/3.5mm,T0028,26002108,1,,Distal Lateral Fibular LCP II,"Right, 5+3H",
VA Distal Fibular LCP 2.7/3.5mm,T0028,26002110,1,,Distal Lateral Fibular LCP II,"Right, 5+5H",
VA Distal Fibular LCP 2.7/3.5mm,T0028,26002112,1,,Distal Lateral Fibular LCP II,"Right, 5+7H",
VA Distal Fibular LCP 2.7/3.5mm,T0028,26002114,1,,Distal Lateral Fibular LCP II,"Right, 5+9H",
VA Distal Fibular LCP 2.7/3.5mm,T0028,26002116,1,,Distal Lateral Fibular LCP II,"Right, 5+11H",
VA Distal Fibular LCP 2.7/3.5mm,T0028,26002208,1,,Distal Lateral Fibular LCP II,"Left, 5+3H",
VA Distal Fibular LCP 2.7/3.5mm,T0028,26002210,1,,Distal Lateral Fibular LCP II,"Left, 5+5H",
VA Distal Fibular LCP 2.7/3.5mm,T0028,26002212,1,,Distal Lateral Fibular LCP II,"Left, 5+7H",
VA Distal Fibular LCP 2.7/3.5mm,T0028,26002214,1,,Distal Lateral Fibular LCP II,"Left, 5+9H",
VA Distal Fibular LCP 2.7/3.5mm,T0028,26002216,1,,Distal Lateral Fibular LCP II,"Left, 5+11H",
VA Distal Tibial LCP 3.5mm,T0026,24217104,1,,Distal Tibia LCP 3.5,"Right, 4H",
VA Distal Tibial LCP 3.5mm,T0026,24217106,1,,Distal Tibia LCP 3.5,"Right, 6H",
VA Distal Tibial LCP 3.5mm,T0026,24217108,1,,Distal Tibia LCP 3.5,"Right, 8H",
VA Distal Tibial LCP 3.5mm,T0026,24217110,1,,Distal Tibia LCP 3.5,"Right, 10H",
VA Distal Tibial LCP 3.5mm,T0026,24217204,1,,Distal Tibia LCP 3.5,"Left, 4H",
VA Distal Tibial LCP 3.5mm,T0026,24217206,1,,Distal Tibia LCP 3.5,"Left, 6H",
VA Distal Tibial LCP 3.5mm,T0026,24217208,1,,Distal Tibia LCP 3.5,"Left, 8H",
VA Distal Tibial LCP 3.5mm,T0026,24217210,1,,Distal Tibia LCP 3.5,"Left, 10H",
VA Proximal Humerus LCP 3.5mm,T0018,26007003,1,,Philos 3.5mm (Short),9+3H,
VA Proximal Humerus LCP 3.5mm,T0018,26007005,1,,Philos 3.5mm (Short),9+5H,
VA Proximal Humerus LCP 3.5mm,T0018,24285005,1,,Philos 3.5mm,9+5H,
VA Proximal Humerus LCP 3.5mm,T0018,24285008,1,,Philos 3.5mm,9+8H,
VA Proximal Medial Posterior Tibial LCP 3.5mm,T0022,24219003,1,,Posterior Medial Tibia LCP,3+3H,
VA Proximal Medial Posterior Tibial LCP 3.5mm,T0022,24219004,1,,Posterior Medial Tibia LCP,3+4H,
VA Proximal Medial Posterior Tibial LCP 3.5mm,T0022,24219006,1,,Posterior Medial Tibia LCP,3+6H,
VA Proximal Femoral LCP 4.5/5.0mm,T0030,24212111,1,,VA Proximal Femur LCP,"R,6H",
VA Proximal Femoral LCP 4.5/5.0mm,T0030,24212113,1,,VA Proximal Femur LCP,"R,8H",
VA Proximal Femoral LCP 4.5/5.0mm,T0030,24212115,1,,VA Proximal Femur LCP,"R,10H",
VA Proximal Femoral LCP 4.5/5.0mm,T0030,24212117,1,,VA Proximal Femur LCP,"R,12H",
VA Proximal Femoral LCP 4.5/5.0mm,T0030,24212211,1,,VA Proximal Femur LCP,"L,6H",
VA Proximal Femoral LCP 4.5/5.0mm,T0030,24212213,1,,VA Proximal Femur LCP,"L,8H",
VA Proximal Femoral LCP 4.5/5.0mm,T0030,24212215,1,,VA Proximal Femur LCP,"L,10H",
VA Proximal Femoral LCP 4.5/5.0mm,T0030,24212217,1,,VA Proximal Femur LCP,"L,12H",
VA Proximal Lateral Tibial LCP 4.5/5.0mm,T0025,24214110,1,,Proximal Lateral Tibia H LCP 5.0,"R,5+5H",
VA Proximal Lateral Tibial LCP 4.5/5.0mm,T0025,24214112,1,,Proximal Lateral Tibia H LCP 5.0,"R,5+7H",
VA Proximal Lateral Tibial LCP 4.5/5.0mm,T0025,24214114,1,,Proximal Lateral Tibia H LCP 5.0,"R,5+9H",
VA Proximal Lateral Tibial LCP 4.5/5.0mm,T0025,24214116,1,,Proximal Lateral Tibia H LCP 5.0,"R,5+11H",
VA Proximal Lateral Tibial LCP 4.5/5.0mm,T0025,24214118,1,,Proximal Lateral Tibia H LCP 5.0,"R,5+13H",
VA Proximal Lateral Tibial LCP 4.5/5.0mm,T0025,24214210,1,,Proximal Lateral Tibia H LCP 5.0,"L,5+5H",
VA Proximal Lateral Tibial LCP 4.5/5.0mm,T0025,24214212,1,,Proximal Lateral Tibia H LCP 5.0,"L,5+7H",
VA Proximal Lateral Tibial LCP 4.5/5.0mm,T0025,24214214,1,,Proximal Lateral Tibia H LCP 5.0,"L,5+9H",
VA Proximal Lateral Tibial LCP 4.5/5.0mm,T0025,24214216,1,,Proximal Lateral Tibia H LCP 5.0,"L,5+11H",
VA Proximal Lateral Tibial LCP 4.5/5.0mm,T0025,24214218,1,,Proximal Lateral Tibia H LCP 5.0,"L,5+13H",
VA Proximal Lateral Tibial LCP 3.5mm,T0024,24269109,1,,Proximal Lateral Tibia L LCP 3.5,"R,4+9H",
VA Proximal Lateral Tibial LCP 3.5mm,T0024,24269111,1,,Proximal Lateral Tibia L LCP 3.5,"R,4+11H",
VA Proximal Lateral Tibial LCP 3.5mm,T0024,24269113,1,,Proximal Lateral Tibia L LCP 3.5,"R,4+13H",
VA Proximal Lateral Tibial LCP 3.5mm,T0024,24269115,1,,Proximal Lateral Tibia L LCP 3.5,"R,4+15H",
VA Proximal Lateral Tibial LCP 3.5mm,T0024,24269209,1,,Proximal Lateral Tibia L LCP 3.5,"L,4+9H",
VA Proximal Lateral Tibial LCP 3.5mm,T0024,24269211,1,,Proximal Lateral Tibia L LCP 3.5,"L,4+11H",
VA Proximal Lateral Tibial LCP 3.5mm,T0024,24269213,1,,Proximal Lateral Tibia L LCP 3.5,"L,4+13H",
VA Proximal Lateral Tibial LCP 3.5mm,T0024,24269215,1,,Proximal Lateral Tibia L LCP 3.5,"L,4+15H",
VA Proximal Medial Tibial LCP 3.5mm,T0023,24230106,1,,Proximal Medial Tibial LCP 3.5mm,"Right, 6H",
VA Proximal Medial Tibial LCP 3.5mm,T0023,24230108,1,,Proximal Medial Tibial LCP 3.5mm,"Right, 8H",
VA Proximal Medial Tibial LCP 3.5mm,T0023,24230110,1,,Proximal Medial Tibial LCP 3.5mm,"Right, 10H",
VA Proximal Medial Tibial LCP 3.5mm,T0023,24230112,1,,Proximal Medial Tibial LCP 3.5mm,"Right, 12H",
VA Proximal Medial Tibial LCP 3.5mm,T0023,24230206,1,,Proximal Medial Tibial LCP 3.5mm,"Left, 6H",
VA Proximal Medial Tibial LCP 3.5mm,T0023,24230208,1,,Proximal Medial Tibial LCP 3.5mm,"Left, 8H",
VA Proximal Medial Tibial LCP 3.5mm,T0023,24230210,1,,Proximal Medial Tibial LCP 3.5mm,"Left, 10H",
VA Proximal Medial Tibial LCP 3.5mm,T0023,24230212,1,,Proximal Medial Tibial LCP 3.5mm,"Left, 12H",
VA Recon Clavicle LCP 2.7/3.5mm,T0016,24257106,1,,Recon Clavicle LCP,"R,6H",
VA Recon Clavicle LCP 2.7/3.5mm,T0016,24257107,1,,Recon Clavicle LCP,"R,7H",
VA Recon Clavicle LCP 2.7/3.5mm,T0016,24257108,1,,Recon Clavicle LCP,"R,8H",
VA Recon Clavicle LCP 2.7/3.5mm,T0016,24257206,1,,Recon Clavicle LCP,"L,6H",
VA Recon Clavicle LCP 2.7/3.5mm,T0016,24257207,1,,Recon Clavicle LCP,"L,7H",
VA Recon Clavicle LCP 2.7/3.5mm,T0016,24257208,1,,Recon Clavicle LCP,"L,8H",
VA Distal Radius Volar Oblique-T LCP 2.7mm,T0013,24284103,1,,Distal Radius Oblique T LCP,"R,5+3H",
VA Distal Radius Volar Oblique-T LCP 2.7mm,T0013,24284104,1,,Distal Radius Oblique T LCP,"R,5+4H",
VA Distal Radius Volar Oblique-T LCP 2.7mm,T0013,24284203,1,,Distal Radius Oblique T LCP,"L,5+3H",
VA Distal Radius Volar Oblique-T LCP 2.7mm,T0013,24284204,1,,Distal Radius Oblique T LCP,"L,5+4H",
Recon LCP 3.5mm,T0052,26003007,1,,"Reconstruction Locking Compression Plate, 3.5",7H,
Recon LCP 3.5mm,T0052,26003009,1,,"Reconstruction Locking Compression Plate, 3.5",9H,
Recon LCP 3.5mm,T0052,26003011,1,,"Reconstruction Locking Compression Plate, 3.5",11H,
Recon LCP 3.5mm,T0052,26003014,1,,"Reconstruction Locking Compression Plate, 3.5",14H,