NAME,PACKING,UNIT,CLASS,TYPE,Code/SKU
"20 MELT BLOWN POLYPROPYLENE (1 MICRON)""",1,PCS,Misc,Trading,FILMBP020
ACETIC ACID,30,KG,Misc,Trading,ACA030
ACTIVATED CARBON POWDER,25,KG,Misc,Trading,ACP025
AMMONIUM BIFLOURIDE,25,KG,Poison,Trading,ABF025
AMMONIUM PERSULFATE,25,KG,Misc,Trading,APS025
AP 500,40,KG,Cleaner (M),Mfg,AP500040
AP 500 - 25,25,KG,Cleaner (M),Mfg,AP500025
AP 500L,25,KG,Cleaner (M),Mfg,AP500L025
AP 505,25,KG,Cleaner (M),Mfg,AP505025
AP 600,25,KG,Cleaner (M),Mfg,AP600025
AP 608,25,KG,Cleaner (M),Mfg,AP608025
AP 97E,25,KG,Cleaner (M),Mfg,AP97E025
AP 98E,25,KG,Cleaner (M),Mfg,AP98E025
ASITIN TS BRIGHTENER,20,KG,Tin (M),Mfg,ASTTBR020
ASITIN TS MU,20,KG,Tin (M),Mfg,ASTTMU020
BARIUM CARBONATE,25,KG,Poison,Trading,BCA025
BORIC ACID,25,KG,Poison,Trading,BOA025
"BRASS SHEET (14 X 48"") (10 OZ)""",8,OZ,Misc,Trading,BRS1448010
"BRASS SHEET (14 X 48"") (8 OZ)""",10,OZ,Misc,Trading,BRS1448008
BROMOCRESOL PURPLE - 25G,1,BTL,Misc,Trading,BCP025
CHROMIUM TRIOXIDE CRYSTALS (CHROMIC ACID) BROCHEM - 25,KG 25,KG,CA,Trading,CROBRO025
CHROMIUM TRIOXIDE CRYSTALS (CHROMIC ACID) BROCHEM - 50,KG 50,KG,CA,Trading,CROBRO050
CHROMIUM TRIOXIDE (CHROMIC ACID) ELEMENTIS - 50 KG,50,KG,CA,Trading,CROELE050
CONC CLEANER L,210,KG,Misc,Trading,CCL210
COPPER CYANIDE,15,KG,Poison/CuCN,Trading,CCNCWS015
COPPER PYROPHOSPHATE,25,KG,Copper,Trading,CUPTMG025
COPPER SULPHATE MANICA,25,KG,CuSO,Trading,CUSMAN025
COPPER SULPHATE MITSUBISHI,20,KG,CuSO,Trading,CUSMMC020
COPPER SULPHATE SUMITOMO,20,KG,CuSO,Trading,CUSSMM020
D-MANNITOL - 500G,1,BTL,Misc,Trading,DMP500
EKOZIN 10 (N2),25,L,Zinc (M),Mfg,EKO01025L
EKOZIN 15A,25,KG,Zinc (M),Mfg,EKO15A025
EKOZIN 15B,25,KG,Zinc (M),Mfg,EKO15B025
EKOZIN 15C,25,KG,Zinc (M),Mfg,EKO15C025
EKOZIN CONDITIONER,25,L,Zinc (M),Mfg,EKOCON25L
EKOZIN CORRECTOR,25,L,Zinc (M),Mfg,EKOCOR25L
ERICHROME BLACK T - 100G,1,BTL,Misc,Trading,EBT100
"FILTER CARTRIDGE 10 (1 MICRON)""",25,PCS,Misc,Trading,FILSWP010
"FILTER CARTRIDGE 20 (1 MICRON)""",25,PCS,Misc,Trading,FILSWP020
G70P,200,L,Int.,Mfg,G70P200L
HAL 204 ETCH FUME SUPPRESSANT,25,KG,Anod,Mfg,HALSUP025
HAL 204 SMOOTHENING ADDITIVE,25,KG,Anod,Mfg,HALSMO025
HAL ANTI-PRECIPITATION AGENT,25,KG,Anod,Mfg,HALAPA025
HAL S-23,25,KG,Anod,Mfg,HALS23025
HAL S-23 FUMONIL,25,KG,Anod,Mfg,HALFUM025
HARKROM 100P,10,KG,Krom,Mfg,HAR100010
HC 30,25,KG,Krom,Mfg,HC30025
HC 305,20,L,Krom,Mfg,HC30520L
HC 306,25,KG,Krom,Mfg,HC306025
HC 40,25,KG,Krom,Mfg,HC40025
HE 75,25,KG,Poison/Cleaner (M,) Mfg,HE75025
HE 88,25,KG,Poison/Cleaner (M,) Mfg,HE88025
HP 411TL,25,KG,Krom,Mfg,HP411025
HP 42,30,KG,Krom,Mfg,HP42030
HP 433,25,KG,Krom,Mfg,HP433025
HP 436,25,KG,Krom,Mfg,HP436025
HP 440A,25,KG,Krom,Mfg,HP440A25L
HP 440B,25,L,Krom,Mfg,HP440B25L
HP 455 (200 KG),200,KG,Krom,Mfg,HP455200
HP 455 (25 KG),25,KG,Krom,Mfg,HP455025
HP 46,25,KG,Krom,Mfg,HP46025
HP 472,10,KG,Krom,Mfg,HP47010
HP 472,25,KG,Krom,Mfg,HP472025
HP 48 (200 KG),200,KG,Krom,Mfg,HP48200
HP 48 (30 KG),30,KG,Krom,Mfg,HP48030
HP 483,25,L,Krom,Mfg,HP48325L
HP 488,30,KG,Krom,Mfg,HP488030
HP 48N (25L),25,L,Krom,Mfg,HP48N025L
HP 48N (30 KG),30,KG,Krom,Mfg,HP48N030
HP 49,30,KG,Krom,Mfg,HP49030
HP 49 (THAI),25,KG,Krom,Mfg,HP49T025
HP 499,150,KG,Int.,Mfg,HP499150
HP 550G,30,KG,Export,Mfg,HP550G030
HR 50,25,KG,Krom,Mfg,HR50025
HS 92,25,KG,Cleaner (M),Mfg,HS92025
HS 93,25,KG,Cleaner (M),Mfg,HS93025
HS 98MAC,25,KG,Cleaner (M),Mfg,HS98025
HYDROCHLORIC ACID 33%,25,KG,Poison,Trading,HCL033025
HYDROCHLORIC ACID 37%,25,KG,Poison,Trading,HCL037025
Hydrogen Peroxide 50%,30,KG,Misc,Trading,H2O2050
KOPELUX 709A,25,KG,Copper (M),Mfg,KPX709A025
KOPELUX 709B,25,KG,Copper (M),Mfg,KPX709B025
KOPELUX 709MU,25,KG,Copper (M),Mfg,KPX709M025
KOPELUX 709W,1,KG,Copper (M),Mfg,KPX709W001
KROM 250,25,KG,Krom,Mfg,KR250025
KROM MAINTENANCE,20,KG,Krom,Mfg,KRMAIN020
KROM MAKE UP,20,KG,Krom,Mfg,KRMU020
KROMIST CE-25,25,L,Krom,Mfg,KRCE2525L
MPS,15,KG,Misc,Trading,MPSHOP015
MPS - 75 KG,75,KG,Misc,Trading,MPSHOP075
NIBRO 992M,25,L,Nickel (M),Mfg,NIB992M025
NIBROZ 795,25,KG,Nickel (M),Mfg,NIB795025
NICKEL SQUARE 1X1 (NICKEL CATHODES CUT 1X1 NORILSK),50,KG,Nickel,Trading,N1N050
NICKEL CHLORIDE SIBANYE,25,KG,NICL,Trading,NCLSIB025
NICKEL CHLORIDE SUMITOMO,20,KG,NICL,Trading,NCLSMM020
NICKEL CHLORIDE ZENITH,25,KG,NICL,Trading,NCLZEN025
NICKEL CROWN NIKKELVERK,50,KG,Nickel,Trading,NCG050
NICKEL PLATE NIKKELVERK,8.325,KG,Nickel,Trading,NPG001
NICKEL PLATE SUMITOMO,1,PC,Nickel,Trading,NPS001
NICKEL PLATING ROUNDS,50,KG,Nickel,Trading,NRV050
NICKEL S-PELLET,50,KG,Nickel,Trading,NSV050
NICKEL SQUARE 1X1 SUMITOMO,20,KG,Nickel,Trading,N1S020
NICKEL SQUARE 4X4 NORILSK,150,KG,Nickel,Trading,N4N150
NICKEL SQUARE 4X4 SUMITOMO,20,KG,Nickel,Trading,N4S020
NICKEL SULFAMATE 65% - 25 KG,25,KG,Ni. Sulfamate,Trading,NSFICC025
NICKEL SULFAMATE 65% - 29.5 KG,25,KG,Ni. Sulfamate,Trading,NSFICC029
NICKEL SULPHATE NORILSK EN GRADE,25,KG,NISO,Trading,NSONOR025EN
NICKEL SULPHATE NORILSK STD,25,KG,NISO,Trading,NSONOR025
NICKEL SULPHATE SUMITOMO,20,KG,NISO,Trading,NSOSMM020
NICKEL SULPHATE UMICORE,20,KG,NISO,Trading,NSOUMI020
NIKLITE 798/ 888,25,KG,Nickel (M),Mfg,NK798025
NIKLITE 798M INITIAL,25,KG,Nickel (M),Mfg,NK798IN025
NIKLITE 798M/ 888MP,25,KG,Nickel (M),Mfg,NK798M025
NIKLITE 799,25,KG,Nickel (M),Mfg,NK799025
NIKLITE 799M,25,KG,Nickel (M),Mfg,NK799M025
NIKLITE 899,25,KG,Nickel (M),Mfg,NK899025
NIKLITE 899M,25,KG,Nickel (M),Mfg,NK899M025
NIKLITE 911,25,L,Nickel (M),Mfg,NK91125L
NIKLITE 911MP,25,L,Nickel (M),Mfg,NK911MP25L
NIKLITE 922M/ 778M,25,KG,Nickel (M),Mfg,NK922M025
NIKLITE LCD,25,KG,Nickel (M),Mfg,NKLCD025
NIKLITE MP-5,25,KG,Nickel (M),Mfg,NKMP5025
NIKLITE MP-6,25,KG,Nickel (M),Mfg,NKMP6025
OXY FREE COPPER BALL IMC,20,KG,Copper,Trading,OFCIMC020
OXY FREE COPPER BALL LUVATA,20,KG,Copper,Trading,OFCLUV020
OXY FREE COPPER NUGGET IMC,22.68,KG,Copper,Trading,OFNIMC023
OXY FREE COPPER PLATE,7.32,KG,Copper,Trading,OFCPLT001
OXY FREE COPPER SLUG LUVATA,20,KG,Copper,Trading,OFSLUV020
PEG-6000P,20,KG,Misc,Trading,PEG600020
PHOS COPPER BALL IMC,20,KG,Copper,Trading,PCUIMC020
PHOS COPPER BALL LUVATA,20,KG,Copper,Trading,PCULUV020
PHOS COPPER BALL MITSUBISHI,20,KG,Copper,Trading,PCUMMC020
PHOS COPPER PLATE,1,PCS,Copper,Trading,PCUPLT001
POTASSIUM CHLORIDE JORDAN,50,KG,Misc,Trading,KCLJOR050
POTASSIUM CYANIDE GRANULES DRASLOVKA,50,KG,Poison/KCN,Trading,KCNCZH050
POTASSIUM CYANIDE JAPAN,50,KG,Poison/KCN,Trading,KCNJPN050
POTASSIUM CYANIDE TABLET JAPAN,50,KG,Poison/KCN,Trading,KCNJPN050(T)
POTASSIUM HYDROXIDE KOREA,25,KG,Poison,Trading,KOHKOR025
POTASSIUM HYDROXIDE TOA GOSEI,25,KG,Poison,Trading,KOHTOG025
POTASSIUM PYROPHOSPHATE,25,KG,Misc,Trading,TKP025
PRIMARY NICKEL NIKKELVERK 1X1 CUT CATHODES - 20,20,KG,Nickel,Trading,N1G020
PRIMARY NICKEL NIKKELVERK 1X1 CUT CATHODES - 50,50,KG,Nickel,Trading,N1G050
PRIMARY NICKEL NIKKELVERK 2X2 CUT CATHODES,250,KG,Nickel,Trading,N2G250
PRIMARY NICKEL NIKKELVERK 4X4 CUT CATHODES,200,KG,Nickel,Trading,N4G200
PRIMARY NICKEL NIKKELVERK D CROWN,50,KG,Nickel,Trading,NDG050
PURIFIER ZP,25,KG,Zinc (M),Mfg,PZP025
QENT 318AX,200,KG,Nickel (M),Mfg,Q318AX200
QENT 318B,200,KG,Nickel (M),Mfg,Q318B200
SILKEN NICKEL ADDITIVE 15A,25,KG,Nickel (M),Mfg,SNA15A025
SILKEN NICKEL ADDITIVE 15B,25,KG,Nickel (M),Mfg,SNA15B025
SILKEN NICKEL ADDITIVE 15C,25,KG,Nickel (M),Mfg,SNA15C025
SODIUM CYANIDE 98% TABLET,50,KG,Poison/NaCN,Trading,NCNJPN050(T)
SODIUM CYANIDE BRIQUETTES DRASLOVKA,50,KG,Poison/NaCN,Trading,NCNBCZH050
SODIUM CYANIDE JAPAN,50,KG,Poison/NaCN,Trading,NCNJAP050
SODIUM CYANIDE KOREA,50,KG,Poison/NaCN,Trading,NCNKOR050
SODIUM FLUORIDE,25,KG,Poison,Trading,
SODIUM HYDROXIDE 50%,300,KG,Poison,Trading,NOH050300
SODIUM HYDROXIDE AGC,25,KG,Poison,Trading,NOHAGC025
SODIUM HYDROXIDE USA,22.68,KG,Poison,Trading,NOHUSA023
SODIUM HYPOPHOSPHITE SOLVAY,25,KG,Misc,Trading,SHPSOL025
SODIUM MOLYBDATE,25,KG,Misc,Trading,SMOJAP025
SODIUM POTASSIUM TATRATE,25,KG,Misc,Trading,SPT025
SODIUM SACCHARIN,25,KG,Misc,Trading,SSC025
SODIUM SACCHARIN,10,KG,Misc,Trading,SSC010
SULPHURIC ACID 95%-97%,35,KG,Poison,Trading,SAC095035
SULPHURIC ACID 96%,35,KG,Poison,Trading,SAC096035
SULPHURIC ACID 98%,40,KG,Poison,Trading,SAC098040
TIN BUTTON 25 MM (99%),20,KG,Tin,Trading,TIN025020
TOSA EMERY EXTRA #120,20,KG,Misc,Trading,TOS120
TOSA EMERY EXTRA #150,20,KG,Misc,Trading,TOS150
TOSA EMERY EXTRA #180,20,KG,Misc,Trading,TOS180
TOSA EMERY EXTRA #200,20,KG,Misc,Trading,TOS200
TOSA EMERY EXTRA #220,20,KG,Misc,Trading,TOS220
TOSA EMERY EXTRA #240,20,KG,Misc,Trading,TOS240
TOSA EMERY EXTRA #320,20,KG,Misc,Trading,TOS320
TOSA EMERY EXTRA #90,20,KG,Misc,Trading,TOS090
TOSALIT UP #24,25,KG,Misc,Trading,TUP024
VACUUM SALT,50,KG,Misc,Trading,NACL050
WETTER B-10,25,KG,Nickel (M),Mfg,WET025
ZENITE 222 (200 KG),200,KG,Zinc (M),Mfg,ZN222200
ZENITE 222 (25 KG),25,KG,Zinc (M),Mfg,ZN222025
ZENITE 222 (25L),25,L,Zinc (M),Mfg,ZN222025L
ZENITE 222(4X),22,KG,Zinc (M),Mfg,ZN2224X022
ZENITE 222X,25,KG,Zinc (M),Mfg,ZN222X025
ZENITE 333,25,KG,Zinc (M),Mfg,ZN333025
ZENITE 5500,200,KG,Zinc (M),Mfg,ZN5500200
ZENITE 5500 2X,25,KG,Zinc (M),Mfg,ZN55002X025
ZENITE 555 (200 KG),200,KG,Zinc (M),Mfg,ZN555200
ZENITE 555 (25 KG),25,KG,Zinc (M),Mfg,ZN555025
ZENITE 555XT (200 KG),200,KG,Zinc (M),Mfg,ZN555XT200
ZENITE 555XT (25 KG),25,KG,Zinc (M),Mfg,ZN555XT025
ZEPRO 220A (200 KG),200,KG,Zinc (M),Mfg,ZP220A200
ZEPRO 220A (200L),200,L,Zinc (M),Mfg,ZP220A200L
ZEPRO 220A (25 KG),25,KG,Zinc (M),Mfg,ZP220A025
ZEPRO 220B (200 KG),200,L,Zinc (M),Mfg,ZP220B200
ZEPRO 220B (200L),200,L,Zinc (M),Mfg,ZP220B200L
ZEPRO 220B (25 KG),25,KG,Zinc (M),Mfg,ZP220B025
ZEPRO 230A (200L),200,KG,Zinc (M),Mfg,ZP230A200
ZEPRO 230A (25 KG),25,KG,Zinc (M),Mfg,ZP230A025
ZEPRO 230B (200L),200,KG,Zinc (M),Mfg,ZP230B200
ZEPRO 230B (25 KG),25,KG,Zinc (M),Mfg,ZP230B025
ZEPRO 288A (1),25,KG,Zinc (M),Mfg,ZP288A025
ZEPRO 390A,25,KG,Zinc (M),Mfg,ZP390A025
ZEPRO 390B,25,KG,Zinc (M),Mfg,ZP390B025
ZINC CHLORIDE,25,KG,Zinc,Trading,ZCL025
ZINC MIST CF-2,25,KG,Zinc (M),Mfg,ZNMST025
ZINC SULPHATE HEPTAHYDRATE,25,KG,Zinc,Trading,ZNSO025
ZINLITE 2000A,25,L,Zinc (M),Mfg,ZN2000A25L
ZINLITE 2000B,25,L,Zinc (M),Mfg,ZN2000B25L
FORMALIN,25,KG,Poison,Trading,
NITRIC ACID 68%,35,KG,Poison,Trading,
